2026-06-12 15:31:53 [restartedMain] INFO  c.jsp.tasteloop.TasteloopApplication - Starting TasteloopApplication v0.0.1 using Java 22.0.2 with PID 22952 (D:\TasteLoop\tasteloop\target\classes started by amany in D:\TasteLoop\tasteloop)
2026-06-12 15:31:53 [restartedMain] DEBUG c.jsp.tasteloop.TasteloopApplication - Running with Spring Boot v4.0.6, Spring v7.0.7
2026-06-12 15:31:53 [restartedMain] INFO  c.jsp.tasteloop.TasteloopApplication - No active profile set, falling back to 1 default profile: "default"
2026-06-12 15:31:53 [restartedMain] INFO  o.s.b.d.e.DevToolsPropertyDefaultsPostProcessor - Devtools property defaults active! Set 'spring.devtools.add-properties' to 'false' to disable
2026-06-12 15:31:53 [restartedMain] INFO  o.s.b.d.e.DevToolsPropertyDefaultsPostProcessor - For additional web related logging consider setting the 'logging.level.web' property to 'DEBUG'
2026-06-12 15:31:55 [restartedMain] INFO  o.s.d.r.c.RepositoryConfigurationDelegate - Bootstrapping Spring Data JPA repositories in DEFAULT mode.
2026-06-12 15:31:55 [restartedMain] INFO  o.s.d.r.c.RepositoryConfigurationDelegate - Finished Spring Data repository scanning in 70 ms. Found 5 JPA repository interfaces.
2026-06-12 15:31:56 [restartedMain] INFO  o.s.boot.tomcat.TomcatWebServer - Tomcat initialized with port 8080 (http)
2026-06-12 15:31:56 [restartedMain] INFO  o.a.catalina.core.StandardService - Starting service [Tomcat]
2026-06-12 15:31:56 [restartedMain] INFO  o.a.catalina.core.StandardEngine - Starting Servlet engine: [Apache Tomcat/11.0.21]
2026-06-12 15:31:56 [restartedMain] INFO  o.s.b.w.c.s.WebApplicationContextInitializer - Root WebApplicationContext: initialization completed in 2233 ms
2026-06-12 15:31:56 [restartedMain] INFO  org.hibernate.orm.jpa - HHH008540: Processing PersistenceUnitInfo [name: default]
2026-06-12 15:31:56 [restartedMain] INFO  org.hibernate.orm.core - HHH000001: Hibernate ORM core version 7.2.12.Final
2026-06-12 15:31:57 [restartedMain] INFO  o.s.o.j.p.SpringPersistenceUnitInfo - No LoadTimeWeaver setup: ignoring JPA class transformer
2026-06-12 15:31:57 [restartedMain] INFO  com.zaxxer.hikari.HikariDataSource - HikariPool-1 - Starting...
2026-06-12 15:31:57 [restartedMain] INFO  com.zaxxer.hikari.pool.HikariPool - HikariPool-1 - Added connection org.postgresql.jdbc.PgConnection@871b9f9
2026-06-12 15:31:57 [restartedMain] INFO  com.zaxxer.hikari.HikariDataSource - HikariPool-1 - Start completed.
2026-06-12 15:31:57 [restartedMain] WARN  org.hibernate.orm.deprecation - HHH90000025: PostgreSQLDialect does not need to be specified explicitly using 'hibernate.dialect' (remove the property setting and it will be selected by default)
2026-06-12 15:31:57 [restartedMain] INFO  o.hibernate.orm.connections.pooling - HHH10001005: Database info:
	Database JDBC URL [jdbc:postgresql://localhost:5432/tasteloop_db]
	Database driver: PostgreSQL JDBC Driver
	Database dialect: PostgreSQLDialect
	Database version: 16.13
	Default catalog/schema: tasteloop_db/public
	Autocommit mode: undefined/unknown
	Isolation level: READ_COMMITTED [default READ_COMMITTED]
	JDBC fetch size: none
	Pool: DataSourceConnectionProvider
	Minimum pool size: undefined/unknown
	Maximum pool size: undefined/unknown
2026-06-12 15:31:57 [restartedMain] ERROR o.s.o.j.LocalContainerEntityManagerFactoryBean - Failed to initialize JPA EntityManagerFactory: Property 'com.jsp.tasteloop.payment_module.model.Payment.paymentMethod' is annotated '@Enumerated' but its type 'java.lang.String' is not an enum
2026-06-12 15:31:57 [restartedMain] WARN  o.s.b.w.s.s.c.AnnotationConfigServletWebServerApplicationContext - Exception encountered during context initialization - cancelling refresh attempt: org.springframework.beans.factory.BeanCreationException: Error creating bean with name 'entityManagerFactory' defined in class path resource [org/springframework/boot/hibernate/autoconfigure/HibernateJpaConfiguration.class]: Property 'com.jsp.tasteloop.payment_module.model.Payment.paymentMethod' is annotated '@Enumerated' but its type 'java.lang.String' is not an enum
2026-06-12 15:31:57 [restartedMain] INFO  com.zaxxer.hikari.HikariDataSource - HikariPool-1 - Shutdown initiated...
2026-06-12 15:31:57 [restartedMain] INFO  com.zaxxer.hikari.HikariDataSource - HikariPool-1 - Shutdown completed.
2026-06-12 15:31:57 [restartedMain] INFO  o.a.catalina.core.StandardService - Stopping service [Tomcat]
2026-06-12 15:31:57 [restartedMain] INFO  o.s.b.a.l.ConditionEvaluationReportLogger - 

Error starting ApplicationContext. To display the condition evaluation report re-run your application with 'debug' enabled.
2026-06-12 15:31:57 [restartedMain] ERROR o.s.boot.SpringApplication - Application run failed
org.springframework.beans.factory.BeanCreationException: Error creating bean with name 'entityManagerFactory' defined in class path resource [org/springframework/boot/hibernate/autoconfigure/HibernateJpaConfiguration.class]: Property 'com.jsp.tasteloop.payment_module.model.Payment.paymentMethod' is annotated '@Enumerated' but its type 'java.lang.String' is not an enum
	at org.springframework.beans.factory.support.AbstractAutowireCapableBeanFactory.initializeBean(AbstractAutowireCapableBeanFactory.java:1817)
	at org.springframework.beans.factory.support.AbstractAutowireCapableBeanFactory.doCreateBean(AbstractAutowireCapableBeanFactory.java:603)
	at org.springframework.beans.factory.support.AbstractAutowireCapableBeanFactory.createBean(AbstractAutowireCapableBeanFactory.java:525)
	at org.springframework.beans.factory.support.AbstractBeanFactory.lambda$doGetBean$0(AbstractBeanFactory.java:333)
	at org.springframework.beans.factory.support.DefaultSingletonBeanRegistry.getSingleton(DefaultSingletonBeanRegistry.java:371)
	at org.springframework.beans.factory.support.AbstractBeanFactory.doGetBean(AbstractBeanFactory.java:331)
	at org.springframework.beans.factory.support.AbstractBeanFactory.getBean(AbstractBeanFactory.java:201)
	at org.springframework.context.support.AbstractApplicationContext.finishBeanFactoryInitialization(AbstractApplicationContext.java:977)
	at org.springframework.context.support.AbstractApplicationContext.refresh(AbstractApplicationContext.java:621)
	at org.springframework.boot.web.server.servlet.context.ServletWebServerApplicationContext.refresh(ServletWebServerApplicationContext.java:143)
	at org.springframework.boot.SpringApplication.refresh(SpringApplication.java:756)
	at org.springframework.boot.SpringApplication.refreshContext(SpringApplication.java:445)
	at org.springframework.boot.SpringApplication.run(SpringApplication.java:321)
	at org.springframework.boot.SpringApplication.run(SpringApplication.java:1365)
	at org.springframework.boot.SpringApplication.run(SpringApplication.java:1354)
	at com.jsp.tasteloop.TasteloopApplication.main(TasteloopApplication.java:10)
	at java.base/jdk.internal.reflect.DirectMethodHandleAccessor.invoke(DirectMethodHandleAccessor.java:103)
	at java.base/java.lang.reflect.Method.invoke(Method.java:580)
	at org.springframework.boot.devtools.restart.RestartLauncher.run(RestartLauncher.java:52)
Caused by: org.hibernate.AnnotationException: Property 'com.jsp.tasteloop.payment_module.model.Payment.paymentMethod' is annotated '@Enumerated' but its type 'java.lang.String' is not an enum
	at org.hibernate.boot.model.internal.BasicValueBinder.prepareBasicAttribute(BasicValueBinder.java:778)
	at org.hibernate.boot.model.internal.BasicValueBinder.prepareValue(BasicValueBinder.java:362)
	at org.hibernate.boot.model.internal.BasicValueBinder.setType(BasicValueBinder.java:326)
	at org.hibernate.boot.model.internal.PropertyBinder.makePropertyAndValue(PropertyBinder.java:263)
	at org.hibernate.boot.model.internal.PropertyBinder.makePropertyValueAndBind(PropertyBinder.java:330)
	at org.hibernate.boot.model.internal.PropertyBinder.basicBinder(PropertyBinder.java:1249)
	at org.hibernate.boot.model.internal.PropertyBinder.propertyBinder(PropertyBinder.java:1133)
	at org.hibernate.boot.model.internal.PropertyBinder.bindBasicOrComposite(PropertyBinder.java:1020)
	at org.hibernate.boot.model.internal.PropertyBinder.bindProperty(PropertyBinder.java:909)
	at org.hibernate.boot.model.internal.PropertyBinder.buildProperty(PropertyBinder.java:792)
	at org.hibernate.boot.model.internal.PropertyBinder.processElementAnnotations(PropertyBinder.java:719)
	at org.hibernate.boot.model.internal.EntityBinder.processIdPropertiesIfNotAlready(EntityBinder.java:1072)
	at org.hibernate.boot.model.internal.EntityBinder.handleIdentifier(EntityBinder.java:380)
	at org.hibernate.boot.model.internal.EntityBinder.bindEntityClass(EntityBinder.java:217)
	at org.hibernate.boot.model.internal.AnnotationBinder.bindClass(AnnotationBinder.java:247)
	at org.hibernate.boot.model.source.internal.annotations.AnnotationMetadataSourceProcessorImpl.processEntityHierarchies(AnnotationMetadataSourceProcessorImpl.java:167)
	at org.hibernate.boot.model.process.spi.MetadataBuildingProcess$1.processEntityHierarchies(MetadataBuildingProcess.java:318)
	at org.hibernate.boot.model.process.spi.MetadataBuildingProcess.coordinateProcessors(MetadataBuildingProcess.java:352)
	at org.hibernate.boot.model.process.spi.MetadataBuildingProcess.complete(MetadataBuildingProcess.java:201)
	at org.hibernate.jpa.boot.internal.EntityManagerFactoryBuilderImpl.metadata(EntityManagerFactoryBuilderImpl.java:1392)
	at org.hibernate.jpa.boot.internal.EntityManagerFactoryBuilderImpl.populateSessionFactoryBuilder(EntityManagerFactoryBuilderImpl.java:1472)
	at org.hibernate.jpa.boot.internal.EntityManagerFactoryBuilderImpl.build(EntityManagerFactoryBuilderImpl.java:1454)
	at org.springframework.orm.jpa.vendor.SpringHibernateJpaPersistenceProvider.createContainerEntityManagerFactory(SpringHibernateJpaPersistenceProvider.java:93)
	at org.springframework.orm.jpa.LocalContainerEntityManagerFactoryBean.createNativeEntityManagerFactory(LocalContainerEntityManagerFactoryBean.java:443)
	at org.springframework.orm.jpa.AbstractEntityManagerFactoryBean.buildNativeEntityManagerFactory(AbstractEntityManagerFactoryBean.java:436)
	at org.springframework.orm.jpa.AbstractEntityManagerFactoryBean.afterPropertiesSet(AbstractEntityManagerFactoryBean.java:411)
	at org.springframework.orm.jpa.LocalContainerEntityManagerFactoryBean.afterPropertiesSet(LocalContainerEntityManagerFactoryBean.java:419)
	at org.springframework.beans.factory.support.AbstractAutowireCapableBeanFactory.invokeInitMethods(AbstractAutowireCapableBeanFactory.java:1864)
	at org.springframework.beans.factory.support.AbstractAutowireCapableBeanFactory.initializeBean(AbstractAutowireCapableBeanFactory.java:1813)
	... 18 common frames omitted
2026-06-12 15:36:18 [restartedMain] INFO  c.jsp.tasteloop.TasteloopApplication - Starting TasteloopApplication v0.0.1 using Java 22.0.2 with PID 26492 (D:\TasteLoop\tasteloop\target\classes started by amany in D:\TasteLoop\tasteloop)
2026-06-12 15:36:18 [restartedMain] DEBUG c.jsp.tasteloop.TasteloopApplication - Running with Spring Boot v4.0.6, Spring v7.0.7
2026-06-12 15:36:18 [restartedMain] INFO  c.jsp.tasteloop.TasteloopApplication - No active profile set, falling back to 1 default profile: "default"
2026-06-12 15:36:18 [restartedMain] INFO  o.s.b.d.e.DevToolsPropertyDefaultsPostProcessor - Devtools property defaults active! Set 'spring.devtools.add-properties' to 'false' to disable
2026-06-12 15:36:18 [restartedMain] INFO  o.s.b.d.e.DevToolsPropertyDefaultsPostProcessor - For additional web related logging consider setting the 'logging.level.web' property to 'DEBUG'
2026-06-12 15:36:20 [restartedMain] INFO  o.s.d.r.c.RepositoryConfigurationDelegate - Bootstrapping Spring Data JPA repositories in DEFAULT mode.
2026-06-12 15:36:20 [restartedMain] INFO  o.s.d.r.c.RepositoryConfigurationDelegate - Finished Spring Data repository scanning in 80 ms. Found 5 JPA repository interfaces.
2026-06-12 15:36:21 [restartedMain] INFO  o.s.boot.tomcat.TomcatWebServer - Tomcat initialized with port 8080 (http)
2026-06-12 15:36:21 [restartedMain] INFO  o.a.catalina.core.StandardService - Starting service [Tomcat]
2026-06-12 15:36:21 [restartedMain] INFO  o.a.catalina.core.StandardEngine - Starting Servlet engine: [Apache Tomcat/11.0.21]
2026-06-12 15:36:21 [restartedMain] INFO  o.s.b.w.c.s.WebApplicationContextInitializer - Root WebApplicationContext: initialization completed in 2600 ms
2026-06-12 15:36:21 [restartedMain] INFO  org.hibernate.orm.jpa - HHH008540: Processing PersistenceUnitInfo [name: default]
2026-06-12 15:36:22 [restartedMain] INFO  org.hibernate.orm.core - HHH000001: Hibernate ORM core version 7.2.12.Final
2026-06-12 15:36:22 [restartedMain] INFO  o.s.o.j.p.SpringPersistenceUnitInfo - No LoadTimeWeaver setup: ignoring JPA class transformer
2026-06-12 15:36:22 [restartedMain] INFO  com.zaxxer.hikari.HikariDataSource - HikariPool-1 - Starting...
2026-06-12 15:36:23 [restartedMain] INFO  com.zaxxer.hikari.pool.HikariPool - HikariPool-1 - Added connection org.postgresql.jdbc.PgConnection@259de46e
2026-06-12 15:36:23 [restartedMain] INFO  com.zaxxer.hikari.HikariDataSource - HikariPool-1 - Start completed.
2026-06-12 15:36:23 [restartedMain] WARN  org.hibernate.orm.deprecation - HHH90000025: PostgreSQLDialect does not need to be specified explicitly using 'hibernate.dialect' (remove the property setting and it will be selected by default)
2026-06-12 15:36:23 [restartedMain] INFO  o.hibernate.orm.connections.pooling - HHH10001005: Database info:
	Database JDBC URL [jdbc:postgresql://localhost:5432/tasteloop_db]
	Database driver: PostgreSQL JDBC Driver
	Database dialect: PostgreSQLDialect
	Database version: 16.13
	Default catalog/schema: tasteloop_db/public
	Autocommit mode: undefined/unknown
	Isolation level: READ_COMMITTED [default READ_COMMITTED]
	JDBC fetch size: none
	Pool: DataSourceConnectionProvider
	Minimum pool size: undefined/unknown
	Maximum pool size: undefined/unknown
2026-06-12 15:36:24 [restartedMain] INFO  org.hibernate.orm.core - HHH000489: No JTA platform available (set 'hibernate.transaction.jta.platform' to enable JTA platform integration)
2026-06-12 15:36:24 [restartedMain] DEBUG org.hibernate.SQL - 
    create table payment (
        id bigint generated by default as identity,
        amount float(53),
        order_id bigint,
        payment_method varchar(255) check ((payment_method in ('CREDIT_CARD','DEBIT_CARD','PAYPAL','APPLE_PAY','GOOGLE_PAY'))),
        payment_status varchar(255) check ((payment_status in ('PENDING','COMPLETED','FAILED','REFUNDED'))),
        user_id integer,
        primary key (id)
    )
2026-06-12 15:36:24 [restartedMain] INFO  o.s.o.j.LocalContainerEntityManagerFactoryBean - Initialized JPA EntityManagerFactory for persistence unit 'default'
2026-06-12 15:36:24 [restartedMain] INFO  o.s.d.j.r.q.QueryEnhancerFactories - Hibernate is in classpath; If applicable, HQL parser will be used.
2026-06-12 15:36:25 [restartedMain] WARN  o.s.b.j.a.JpaBaseConfiguration$JpaWebConfiguration - spring.jpa.open-in-view is enabled by default. Therefore, database queries may be performed during view rendering. Explicitly configure spring.jpa.open-in-view to disable this warning
2026-06-12 15:36:25 [restartedMain] INFO  o.s.s.c.a.a.c.InitializeUserDetailsBeanManagerConfigurer$InitializeUserDetailsManagerConfigurer - Global AuthenticationManager configured with UserDetailsService bean with name inMemoryUserDetailsManager
2026-06-12 15:36:26 [restartedMain] INFO  o.s.boot.tomcat.TomcatWebServer - Tomcat started on port 8080 (http) with context path '/'
2026-06-12 15:36:26 [restartedMain] INFO  c.jsp.tasteloop.TasteloopApplication - Started TasteloopApplication in 8.674 seconds (process running for 9.53)
2026-06-12 15:36:26 [restartedMain] WARN  o.s.c.events.SpringDocAppInitializer - SpringDoc /v3/api-docs endpoint is enabled by default. To disable it in production, set the property 'springdoc.api-docs.enabled=false'
2026-06-12 15:38:03 [http-nio-8080-exec-2] INFO  o.a.c.c.C.[Tomcat].[localhost].[/] - Initializing Spring DispatcherServlet 'dispatcherServlet'
2026-06-12 15:38:03 [http-nio-8080-exec-2] INFO  o.s.web.servlet.DispatcherServlet - Initializing Servlet 'dispatcherServlet'
2026-06-12 15:38:03 [http-nio-8080-exec-2] INFO  o.s.web.servlet.DispatcherServlet - Completed initialization in 3 ms
2026-06-12 15:39:51 [SpringApplicationShutdownHook] INFO  o.s.boot.tomcat.GracefulShutdown - Commencing graceful shutdown. Waiting for active requests to complete
2026-06-12 15:39:51 [tomcat-shutdown] INFO  o.s.boot.tomcat.GracefulShutdown - Graceful shutdown complete
2026-06-12 15:39:51 [SpringApplicationShutdownHook] INFO  o.s.o.j.LocalContainerEntityManagerFactoryBean - Closing JPA EntityManagerFactory for persistence unit 'default'
2026-06-12 15:39:51 [SpringApplicationShutdownHook] INFO  com.zaxxer.hikari.HikariDataSource - HikariPool-1 - Shutdown initiated...
2026-06-12 15:39:51 [SpringApplicationShutdownHook] INFO  com.zaxxer.hikari.HikariDataSource - HikariPool-1 - Shutdown completed.
2026-06-12 15:39:56 [restartedMain] INFO  c.jsp.tasteloop.TasteloopApplication - Starting TasteloopApplication v0.0.1 using Java 22.0.2 with PID 32716 (D:\TasteLoop\tasteloop\target\classes started by amany in D:\TasteLoop\tasteloop)
2026-06-12 15:39:56 [restartedMain] DEBUG c.jsp.tasteloop.TasteloopApplication - Running with Spring Boot v4.0.6, Spring v7.0.7
2026-06-12 15:39:56 [restartedMain] INFO  c.jsp.tasteloop.TasteloopApplication - No active profile set, falling back to 1 default profile: "default"
2026-06-12 15:39:56 [restartedMain] INFO  o.s.b.d.e.DevToolsPropertyDefaultsPostProcessor - Devtools property defaults active! Set 'spring.devtools.add-properties' to 'false' to disable
2026-06-12 15:39:56 [restartedMain] INFO  o.s.b.d.e.DevToolsPropertyDefaultsPostProcessor - For additional web related logging consider setting the 'logging.level.web' property to 'DEBUG'
2026-06-12 15:39:57 [restartedMain] INFO  o.s.d.r.c.RepositoryConfigurationDelegate - Bootstrapping Spring Data JPA repositories in DEFAULT mode.
2026-06-12 15:39:57 [restartedMain] INFO  o.s.d.r.c.RepositoryConfigurationDelegate - Finished Spring Data repository scanning in 112 ms. Found 5 JPA repository interfaces.
2026-06-12 15:39:58 [restartedMain] INFO  o.s.boot.tomcat.TomcatWebServer - Tomcat initialized with port 8080 (http)
2026-06-12 15:39:58 [restartedMain] INFO  o.a.catalina.core.StandardService - Starting service [Tomcat]
2026-06-12 15:39:58 [restartedMain] INFO  o.a.catalina.core.StandardEngine - Starting Servlet engine: [Apache Tomcat/11.0.21]
2026-06-12 15:39:58 [restartedMain] INFO  o.s.b.w.c.s.WebApplicationContextInitializer - Root WebApplicationContext: initialization completed in 2655 ms
2026-06-12 15:39:59 [restartedMain] INFO  org.hibernate.orm.jpa - HHH008540: Processing PersistenceUnitInfo [name: default]
2026-06-12 15:39:59 [restartedMain] INFO  org.hibernate.orm.core - HHH000001: Hibernate ORM core version 7.2.12.Final
2026-06-12 15:39:59 [restartedMain] INFO  o.s.o.j.p.SpringPersistenceUnitInfo - No LoadTimeWeaver setup: ignoring JPA class transformer
2026-06-12 15:39:59 [restartedMain] INFO  com.zaxxer.hikari.HikariDataSource - HikariPool-1 - Starting...
2026-06-12 15:40:00 [restartedMain] INFO  com.zaxxer.hikari.pool.HikariPool - HikariPool-1 - Added connection org.postgresql.jdbc.PgConnection@62e73183
2026-06-12 15:40:00 [restartedMain] INFO  com.zaxxer.hikari.HikariDataSource - HikariPool-1 - Start completed.
2026-06-12 15:40:00 [restartedMain] WARN  org.hibernate.orm.deprecation - HHH90000025: PostgreSQLDialect does not need to be specified explicitly using 'hibernate.dialect' (remove the property setting and it will be selected by default)
2026-06-12 15:40:00 [restartedMain] INFO  o.hibernate.orm.connections.pooling - HHH10001005: Database info:
	Database JDBC URL [jdbc:postgresql://localhost:5432/tasteloop_db]
	Database driver: PostgreSQL JDBC Driver
	Database dialect: PostgreSQLDialect
	Database version: 16.13
	Default catalog/schema: tasteloop_db/public
	Autocommit mode: undefined/unknown
	Isolation level: READ_COMMITTED [default READ_COMMITTED]
	JDBC fetch size: none
	Pool: DataSourceConnectionProvider
	Minimum pool size: undefined/unknown
	Maximum pool size: undefined/unknown
2026-06-12 15:40:01 [restartedMain] INFO  org.hibernate.orm.core - HHH000489: No JTA platform available (set 'hibernate.transaction.jta.platform' to enable JTA platform integration)
2026-06-12 15:40:01 [restartedMain] INFO  o.s.o.j.LocalContainerEntityManagerFactoryBean - Initialized JPA EntityManagerFactory for persistence unit 'default'
2026-06-12 15:40:01 [restartedMain] INFO  o.s.d.j.r.q.QueryEnhancerFactories - Hibernate is in classpath; If applicable, HQL parser will be used.
2026-06-12 15:40:02 [restartedMain] WARN  o.s.b.j.a.JpaBaseConfiguration$JpaWebConfiguration - spring.jpa.open-in-view is enabled by default. Therefore, database queries may be performed during view rendering. Explicitly configure spring.jpa.open-in-view to disable this warning
2026-06-12 15:40:02 [restartedMain] INFO  o.s.s.c.a.a.c.InitializeUserDetailsBeanManagerConfigurer$InitializeUserDetailsManagerConfigurer - Global AuthenticationManager configured with UserDetailsService bean with name inMemoryUserDetailsManager
2026-06-12 15:40:03 [restartedMain] INFO  o.s.boot.tomcat.TomcatWebServer - Tomcat started on port 8080 (http) with context path '/'
2026-06-12 15:40:03 [restartedMain] INFO  c.jsp.tasteloop.TasteloopApplication - Started TasteloopApplication in 7.567 seconds (process running for 8.311)
2026-06-12 15:40:03 [restartedMain] WARN  o.s.c.events.SpringDocAppInitializer - SpringDoc /v3/api-docs endpoint is enabled by default. To disable it in production, set the property 'springdoc.api-docs.enabled=false'
2026-06-12 15:40:11 [http-nio-8080-exec-1] INFO  o.a.c.c.C.[Tomcat].[localhost].[/] - Initializing Spring DispatcherServlet 'dispatcherServlet'
2026-06-12 15:40:11 [http-nio-8080-exec-1] INFO  o.s.web.servlet.DispatcherServlet - Initializing Servlet 'dispatcherServlet'
2026-06-12 15:40:11 [http-nio-8080-exec-1] INFO  o.s.web.servlet.DispatcherServlet - Completed initialization in 9 ms
2026-06-12 15:43:21 [SpringApplicationShutdownHook] INFO  o.s.boot.tomcat.GracefulShutdown - Commencing graceful shutdown. Waiting for active requests to complete
2026-06-12 15:43:21 [tomcat-shutdown] INFO  o.s.boot.tomcat.GracefulShutdown - Graceful shutdown complete
2026-06-12 15:43:21 [SpringApplicationShutdownHook] INFO  o.s.o.j.LocalContainerEntityManagerFactoryBean - Closing JPA EntityManagerFactory for persistence unit 'default'
2026-06-12 15:43:21 [SpringApplicationShutdownHook] INFO  com.zaxxer.hikari.HikariDataSource - HikariPool-1 - Shutdown initiated...
2026-06-12 15:43:21 [SpringApplicationShutdownHook] INFO  com.zaxxer.hikari.HikariDataSource - HikariPool-1 - Shutdown completed.
2026-06-12 17:23:22 [restartedMain] INFO  c.jsp.tasteloop.TasteloopApplication - Starting TasteloopApplication v0.0.1 using Java 22.0.2 with PID 34560 (D:\TasteLoop\tasteloop\target\classes started by amany in D:\TasteLoop\tasteloop)
2026-06-12 17:23:22 [restartedMain] DEBUG c.jsp.tasteloop.TasteloopApplication - Running with Spring Boot v4.0.6, Spring v7.0.7
2026-06-12 17:23:22 [restartedMain] INFO  c.jsp.tasteloop.TasteloopApplication - No active profile set, falling back to 1 default profile: "default"
2026-06-12 17:23:23 [restartedMain] INFO  o.s.b.d.e.DevToolsPropertyDefaultsPostProcessor - Devtools property defaults active! Set 'spring.devtools.add-properties' to 'false' to disable
2026-06-12 17:23:23 [restartedMain] INFO  o.s.b.d.e.DevToolsPropertyDefaultsPostProcessor - For additional web related logging consider setting the 'logging.level.web' property to 'DEBUG'
2026-06-12 17:23:23 [restartedMain] INFO  o.s.d.r.c.RepositoryConfigurationDelegate - Bootstrapping Spring Data JPA repositories in DEFAULT mode.
2026-06-12 17:23:23 [restartedMain] INFO  o.s.d.r.c.RepositoryConfigurationDelegate - Finished Spring Data repository scanning in 79 ms. Found 6 JPA repository interfaces.
2026-06-12 17:23:24 [restartedMain] INFO  o.s.boot.tomcat.TomcatWebServer - Tomcat initialized with port 8080 (http)
2026-06-12 17:23:24 [restartedMain] INFO  o.a.catalina.core.StandardService - Starting service [Tomcat]
2026-06-12 17:23:24 [restartedMain] INFO  o.a.catalina.core.StandardEngine - Starting Servlet engine: [Apache Tomcat/11.0.21]
2026-06-12 17:23:24 [restartedMain] INFO  o.s.b.w.c.s.WebApplicationContextInitializer - Root WebApplicationContext: initialization completed in 1598 ms
2026-06-12 17:23:24 [restartedMain] INFO  org.hibernate.orm.jpa - HHH008540: Processing PersistenceUnitInfo [name: default]
2026-06-12 17:23:24 [restartedMain] INFO  org.hibernate.orm.core - HHH000001: Hibernate ORM core version 7.2.12.Final
2026-06-12 17:23:25 [restartedMain] INFO  o.s.o.j.p.SpringPersistenceUnitInfo - No LoadTimeWeaver setup: ignoring JPA class transformer
2026-06-12 17:23:25 [restartedMain] INFO  com.zaxxer.hikari.HikariDataSource - HikariPool-1 - Starting...
2026-06-12 17:23:25 [restartedMain] INFO  com.zaxxer.hikari.pool.HikariPool - HikariPool-1 - Added connection org.postgresql.jdbc.PgConnection@758738f4
2026-06-12 17:23:25 [restartedMain] INFO  com.zaxxer.hikari.HikariDataSource - HikariPool-1 - Start completed.
2026-06-12 17:23:25 [restartedMain] WARN  org.hibernate.orm.deprecation - HHH90000025: PostgreSQLDialect does not need to be specified explicitly using 'hibernate.dialect' (remove the property setting and it will be selected by default)
2026-06-12 17:23:25 [restartedMain] INFO  o.hibernate.orm.connections.pooling - HHH10001005: Database info:
	Database JDBC URL [jdbc:postgresql://localhost:5432/tasteloop_db]
	Database driver: PostgreSQL JDBC Driver
	Database dialect: PostgreSQLDialect
	Database version: 16.13
	Default catalog/schema: tasteloop_db/public
	Autocommit mode: undefined/unknown
	Isolation level: READ_COMMITTED [default READ_COMMITTED]
	JDBC fetch size: none
	Pool: DataSourceConnectionProvider
	Minimum pool size: undefined/unknown
	Maximum pool size: undefined/unknown
2026-06-12 17:23:26 [restartedMain] INFO  org.hibernate.orm.core - HHH000489: No JTA platform available (set 'hibernate.transaction.jta.platform' to enable JTA platform integration)
2026-06-12 17:23:26 [restartedMain] DEBUG org.hibernate.SQL - 
    create table order_item (
        order_item_id bigint generated by default as identity,
        food_item_id bigint,
        price float(53),
        quantity integer,
        order_id bigint,
        primary key (order_item_id)
    )
2026-06-12 17:23:26 [restartedMain] DEBUG org.hibernate.SQL - 
    create table orders (
        id bigint generated by default as identity,
        order_status varchar(255) check ((order_status in ('PENDING','CONFIRMED','PREPARING','OUT_FOR_DELIVERY','DELIVERED','CANCELLED'))),
        payment_id bigint,
        total_amount float(53),
        user_id integer,
        primary key (id)
    )
2026-06-12 17:23:26 [restartedMain] DEBUG org.hibernate.SQL - 
    alter table if exists order_item 
       add constraint FKt4dc2r9nbvbujrljv3e23iibt 
       foreign key (order_id) 
       references orders
2026-06-12 17:23:26 [restartedMain] INFO  o.s.o.j.LocalContainerEntityManagerFactoryBean - Initialized JPA EntityManagerFactory for persistence unit 'default'
2026-06-12 17:23:26 [restartedMain] INFO  o.s.d.j.r.q.QueryEnhancerFactories - Hibernate is in classpath; If applicable, HQL parser will be used.
2026-06-12 17:23:26 [restartedMain] WARN  o.s.b.j.a.JpaBaseConfiguration$JpaWebConfiguration - spring.jpa.open-in-view is enabled by default. Therefore, database queries may be performed during view rendering. Explicitly configure spring.jpa.open-in-view to disable this warning
2026-06-12 17:23:27 [restartedMain] INFO  o.s.s.c.a.a.c.InitializeUserDetailsBeanManagerConfigurer$InitializeUserDetailsManagerConfigurer - Global AuthenticationManager configured with UserDetailsService bean with name inMemoryUserDetailsManager
2026-06-12 17:23:27 [restartedMain] INFO  o.s.boot.tomcat.TomcatWebServer - Tomcat started on port 8080 (http) with context path '/'
2026-06-12 17:23:27 [restartedMain] INFO  c.jsp.tasteloop.TasteloopApplication - Started TasteloopApplication in 5.28 seconds (process running for 5.84)
2026-06-12 17:23:27 [restartedMain] WARN  o.s.c.events.SpringDocAppInitializer - SpringDoc /v3/api-docs endpoint is enabled by default. To disable it in production, set the property 'springdoc.api-docs.enabled=false'
2026-06-12 17:24:22 [SpringApplicationShutdownHook] INFO  o.s.boot.tomcat.GracefulShutdown - Commencing graceful shutdown. Waiting for active requests to complete
2026-06-12 17:24:22 [tomcat-shutdown] INFO  o.s.boot.tomcat.GracefulShutdown - Graceful shutdown complete
2026-06-12 17:24:22 [SpringApplicationShutdownHook] INFO  o.s.o.j.LocalContainerEntityManagerFactoryBean - Closing JPA EntityManagerFactory for persistence unit 'default'
2026-06-12 17:24:22 [SpringApplicationShutdownHook] INFO  com.zaxxer.hikari.HikariDataSource - HikariPool-1 - Shutdown initiated...
2026-06-12 17:24:22 [SpringApplicationShutdownHook] INFO  com.zaxxer.hikari.HikariDataSource - HikariPool-1 - Shutdown completed.
2026-06-12 17:24:25 [restartedMain] INFO  c.jsp.tasteloop.TasteloopApplication - Starting TasteloopApplication v0.0.1 using Java 22.0.2 with PID 26644 (D:\TasteLoop\tasteloop\target\classes started by amany in D:\TasteLoop\tasteloop)
2026-06-12 17:24:25 [restartedMain] DEBUG c.jsp.tasteloop.TasteloopApplication - Running with Spring Boot v4.0.6, Spring v7.0.7
2026-06-12 17:24:25 [restartedMain] INFO  c.jsp.tasteloop.TasteloopApplication - No active profile set, falling back to 1 default profile: "default"
2026-06-12 17:24:25 [restartedMain] INFO  o.s.b.d.e.DevToolsPropertyDefaultsPostProcessor - Devtools property defaults active! Set 'spring.devtools.add-properties' to 'false' to disable
2026-06-12 17:24:25 [restartedMain] INFO  o.s.b.d.e.DevToolsPropertyDefaultsPostProcessor - For additional web related logging consider setting the 'logging.level.web' property to 'DEBUG'
2026-06-12 17:24:26 [restartedMain] INFO  o.s.d.r.c.RepositoryConfigurationDelegate - Bootstrapping Spring Data JPA repositories in DEFAULT mode.
2026-06-12 17:24:26 [restartedMain] INFO  o.s.d.r.c.RepositoryConfigurationDelegate - Finished Spring Data repository scanning in 53 ms. Found 6 JPA repository interfaces.
2026-06-12 17:24:27 [restartedMain] INFO  o.s.boot.tomcat.TomcatWebServer - Tomcat initialized with port 8080 (http)
2026-06-12 17:24:27 [restartedMain] INFO  o.a.catalina.core.StandardService - Starting service [Tomcat]
2026-06-12 17:24:27 [restartedMain] INFO  o.a.catalina.core.StandardEngine - Starting Servlet engine: [Apache Tomcat/11.0.21]
2026-06-12 17:24:27 [restartedMain] INFO  o.s.b.w.c.s.WebApplicationContextInitializer - Root WebApplicationContext: initialization completed in 1531 ms
2026-06-12 17:24:27 [restartedMain] INFO  org.hibernate.orm.jpa - HHH008540: Processing PersistenceUnitInfo [name: default]
2026-06-12 17:24:27 [restartedMain] INFO  org.hibernate.orm.core - HHH000001: Hibernate ORM core version 7.2.12.Final
2026-06-12 17:24:27 [restartedMain] INFO  o.s.o.j.p.SpringPersistenceUnitInfo - No LoadTimeWeaver setup: ignoring JPA class transformer
2026-06-12 17:24:27 [restartedMain] INFO  com.zaxxer.hikari.HikariDataSource - HikariPool-1 - Starting...
2026-06-12 17:24:28 [restartedMain] INFO  com.zaxxer.hikari.pool.HikariPool - HikariPool-1 - Added connection org.postgresql.jdbc.PgConnection@53b91065
2026-06-12 17:24:28 [restartedMain] INFO  com.zaxxer.hikari.HikariDataSource - HikariPool-1 - Start completed.
2026-06-12 17:24:28 [restartedMain] WARN  org.hibernate.orm.deprecation - HHH90000025: PostgreSQLDialect does not need to be specified explicitly using 'hibernate.dialect' (remove the property setting and it will be selected by default)
2026-06-12 17:24:28 [restartedMain] INFO  o.hibernate.orm.connections.pooling - HHH10001005: Database info:
	Database JDBC URL [jdbc:postgresql://localhost:5432/tasteloop_db]
	Database driver: PostgreSQL JDBC Driver
	Database dialect: PostgreSQLDialect
	Database version: 16.13
	Default catalog/schema: tasteloop_db/public
	Autocommit mode: undefined/unknown
	Isolation level: READ_COMMITTED [default READ_COMMITTED]
	JDBC fetch size: none
	Pool: DataSourceConnectionProvider
	Minimum pool size: undefined/unknown
	Maximum pool size: undefined/unknown
2026-06-12 17:24:28 [restartedMain] INFO  org.hibernate.orm.core - HHH000489: No JTA platform available (set 'hibernate.transaction.jta.platform' to enable JTA platform integration)
2026-06-12 17:24:28 [restartedMain] INFO  o.s.o.j.LocalContainerEntityManagerFactoryBean - Initialized JPA EntityManagerFactory for persistence unit 'default'
2026-06-12 17:24:28 [restartedMain] INFO  o.s.d.j.r.q.QueryEnhancerFactories - Hibernate is in classpath; If applicable, HQL parser will be used.
2026-06-12 17:24:29 [restartedMain] WARN  o.s.b.j.a.JpaBaseConfiguration$JpaWebConfiguration - spring.jpa.open-in-view is enabled by default. Therefore, database queries may be performed during view rendering. Explicitly configure spring.jpa.open-in-view to disable this warning
2026-06-12 17:24:29 [restartedMain] INFO  o.s.s.c.a.a.c.InitializeUserDetailsBeanManagerConfigurer$InitializeUserDetailsManagerConfigurer - Global AuthenticationManager configured with UserDetailsService bean with name inMemoryUserDetailsManager
2026-06-12 17:24:30 [restartedMain] INFO  o.s.boot.tomcat.TomcatWebServer - Tomcat started on port 8080 (http) with context path '/'
2026-06-12 17:24:30 [restartedMain] INFO  c.jsp.tasteloop.TasteloopApplication - Started TasteloopApplication in 5.151 seconds (process running for 5.614)
2026-06-12 17:24:30 [restartedMain] WARN  o.s.c.events.SpringDocAppInitializer - SpringDoc /v3/api-docs endpoint is enabled by default. To disable it in production, set the property 'springdoc.api-docs.enabled=false'
2026-06-12 17:26:24 [http-nio-8080-exec-1] INFO  o.a.c.c.C.[Tomcat].[localhost].[/] - Initializing Spring DispatcherServlet 'dispatcherServlet'
2026-06-12 17:26:24 [http-nio-8080-exec-1] INFO  o.s.web.servlet.DispatcherServlet - Initializing Servlet 'dispatcherServlet'
2026-06-12 17:26:24 [http-nio-8080-exec-1] INFO  o.s.web.servlet.DispatcherServlet - Completed initialization in 1 ms
2026-06-12 17:26:24 [http-nio-8080-exec-1] WARN  o.s.w.s.m.s.DefaultHandlerExceptionResolver - Resolved [org.springframework.web.HttpRequestMethodNotSupportedException: Request method 'GET' is not supported]
2026-06-12 17:27:01 [http-nio-8080-exec-4] DEBUG org.hibernate.SQL - 
    select
        u1_0.id,
        u1_0.active,
        u1_0.email,
        u1_0.name,
        u1_0.password,
        u1_0.phone,
        r1_0.restaurant_id,
        r1_0.address,
        r1_0.image,
        r1_0.phone,
        r1_0.pincode,
        r1_0.restaurant_name,
        u1_0.role 
    from
        users u1_0 
    left join
        restaurant r1_0 
            on u1_0.id=r1_0.manager_id 
    where
        u1_0.id=?
2026-06-12 17:27:01 [http-nio-8080-exec-4] ERROR o.a.c.c.C.[.[.[.[dispatcherServlet] - Servlet.service() for servlet [dispatcherServlet] in context with path [] threw exception [Request processing failed: java.lang.RuntimeException: User not found] with root cause
java.lang.RuntimeException: User not found
	at com.jsp.tasteloop.order_module.controller.OrderController.lambda$placeOrder$0(OrderController.java:24)
	at java.base/java.util.Optional.orElseThrow(Optional.java:403)
	at com.jsp.tasteloop.order_module.controller.OrderController.placeOrder(OrderController.java:24)
	at java.base/jdk.internal.reflect.DirectMethodHandleAccessor.invoke(DirectMethodHandleAccessor.java:103)
	at java.base/java.lang.reflect.Method.invoke(Method.java:580)
	at org.springframework.web.method.support.InvocableHandlerMethod.doInvoke(InvocableHandlerMethod.java:252)
	at org.springframework.web.method.support.InvocableHandlerMethod.invokeForRequest(InvocableHandlerMethod.java:184)
	at org.springframework.web.servlet.mvc.method.annotation.ServletInvocableHandlerMethod.invokeAndHandle(ServletInvocableHandlerMethod.java:117)
	at org.springframework.web.servlet.mvc.method.annotation.RequestMappingHandlerAdapter.invokeHandlerMethod(RequestMappingHandlerAdapter.java:934)
	at org.springframework.web.servlet.mvc.method.annotation.RequestMappingHandlerAdapter.handleInternal(RequestMappingHandlerAdapter.java:853)
	at org.springframework.web.servlet.mvc.method.AbstractHandlerMethodAdapter.handle(AbstractHandlerMethodAdapter.java:86)
	at org.springframework.web.servlet.DispatcherServlet.doDispatch(DispatcherServlet.java:963)
	at org.springframework.web.servlet.DispatcherServlet.doService(DispatcherServlet.java:866)
	at org.springframework.web.servlet.FrameworkServlet.processRequest(FrameworkServlet.java:1000)
	at org.springframework.web.servlet.FrameworkServlet.doPost(FrameworkServlet.java:903)
	at jakarta.servlet.http.HttpServlet.service(HttpServlet.java:649)
	at org.springframework.web.servlet.FrameworkServlet.service(FrameworkServlet.java:874)
	at jakarta.servlet.http.HttpServlet.service(HttpServlet.java:710)
	at org.apache.catalina.core.ApplicationFilterChain.doFilter(ApplicationFilterChain.java:128)
	at org.apache.tomcat.websocket.server.WsFilter.doFilter(WsFilter.java:53)
	at org.apache.catalina.core.ApplicationFilterChain.doFilter(ApplicationFilterChain.java:107)
	at org.springframework.web.filter.CompositeFilter$VirtualFilterChain.doFilter(CompositeFilter.java:108)
	at org.springframework.security.web.FilterChainProxy.lambda$doFilterInternal$3(FilterChainProxy.java:235)
	at org.springframework.security.web.FilterChainProxy$VirtualFilterChain.doFilter(FilterChainProxy.java:376)
	at org.springframework.security.web.access.intercept.AuthorizationFilter.doFilter(AuthorizationFilter.java:101)
	at org.springframework.security.web.FilterChainProxy$VirtualFilterChain.doFilter(FilterChainProxy.java:385)
	at org.springframework.security.web.access.ExceptionTranslationFilter.doFilter(ExceptionTranslationFilter.java:126)
	at org.springframework.security.web.access.ExceptionTranslationFilter.doFilter(ExceptionTranslationFilter.java:120)
	at org.springframework.security.web.FilterChainProxy$VirtualFilterChain.doFilter(FilterChainProxy.java:385)
	at org.springframework.security.web.authentication.AnonymousAuthenticationFilter.doFilter(AnonymousAuthenticationFilter.java:100)
	at org.springframework.security.web.FilterChainProxy$VirtualFilterChain.doFilter(FilterChainProxy.java:385)
	at org.springframework.security.web.servletapi.SecurityContextHolderAwareRequestFilter.doFilter(SecurityContextHolderAwareRequestFilter.java:181)
	at org.springframework.security.web.FilterChainProxy$VirtualFilterChain.doFilter(FilterChainProxy.java:385)
	at org.springframework.security.web.savedrequest.RequestCacheAwareFilter.doFilter(RequestCacheAwareFilter.java:63)
	at org.springframework.security.web.FilterChainProxy$VirtualFilterChain.doFilter(FilterChainProxy.java:385)
	at org.springframework.security.web.authentication.logout.LogoutFilter.doFilter(LogoutFilter.java:110)
	at org.springframework.security.web.authentication.logout.LogoutFilter.doFilter(LogoutFilter.java:96)
	at org.springframework.security.web.FilterChainProxy$VirtualFilterChain.doFilter(FilterChainProxy.java:385)
	at org.springframework.security.web.header.HeaderWriterFilter.doHeadersAfter(HeaderWriterFilter.java:90)
	at org.springframework.security.web.header.HeaderWriterFilter.doFilterInternal(HeaderWriterFilter.java:75)
	at org.springframework.web.filter.OncePerRequestFilter.doFilter(OncePerRequestFilter.java:116)
	at org.springframework.security.web.FilterChainProxy$VirtualFilterChain.doFilter(FilterChainProxy.java:385)
	at org.springframework.security.web.context.SecurityContextHolderFilter.doFilter(SecurityContextHolderFilter.java:82)
	at org.springframework.security.web.context.SecurityContextHolderFilter.doFilter(SecurityContextHolderFilter.java:69)
	at org.springframework.security.web.FilterChainProxy$VirtualFilterChain.doFilter(FilterChainProxy.java:385)
	at org.springframework.security.web.context.request.async.WebAsyncManagerIntegrationFilter.doFilterInternal(WebAsyncManagerIntegrationFilter.java:62)
	at org.springframework.web.filter.OncePerRequestFilter.doFilter(OncePerRequestFilter.java:116)
	at org.springframework.security.web.FilterChainProxy$VirtualFilterChain.doFilter(FilterChainProxy.java:385)
	at org.springframework.security.web.session.DisableEncodeUrlFilter.doFilterInternal(DisableEncodeUrlFilter.java:42)
	at org.springframework.web.filter.OncePerRequestFilter.doFilter(OncePerRequestFilter.java:116)
	at org.springframework.security.web.FilterChainProxy$VirtualFilterChain.doFilter(FilterChainProxy.java:385)
	at org.springframework.security.web.FilterChainProxy.doFilterInternal(FilterChainProxy.java:237)
	at org.springframework.security.web.FilterChainProxy.doFilter(FilterChainProxy.java:195)
	at org.springframework.web.filter.CompositeFilter$VirtualFilterChain.doFilter(CompositeFilter.java:113)
	at org.springframework.web.filter.ServletRequestPathFilter.doFilter(ServletRequestPathFilter.java:52)
	at org.springframework.web.filter.CompositeFilter$VirtualFilterChain.doFilter(CompositeFilter.java:113)
	at org.springframework.web.filter.CompositeFilter.doFilter(CompositeFilter.java:74)
	at org.springframework.security.config.annotation.web.configuration.WebSecurityConfiguration$CompositeFilterChainProxy.doFilter(WebSecurityConfiguration.java:317)
	at org.springframework.web.filter.DelegatingFilterProxy.invokeDelegate(DelegatingFilterProxy.java:355)
	at org.springframework.web.filter.DelegatingFilterProxy.doFilter(DelegatingFilterProxy.java:272)
	at org.apache.catalina.core.ApplicationFilterChain.doFilter(ApplicationFilterChain.java:107)
	at org.springframework.web.filter.RequestContextFilter.doFilterInternal(RequestContextFilter.java:100)
	at org.springframework.web.filter.OncePerRequestFilter.doFilter(OncePerRequestFilter.java:116)
	at org.apache.catalina.core.ApplicationFilterChain.doFilter(ApplicationFilterChain.java:107)
	at org.springframework.web.filter.FormContentFilter.doFilterInternal(FormContentFilter.java:93)
	at org.springframework.web.filter.OncePerRequestFilter.doFilter(OncePerRequestFilter.java:116)
	at org.apache.catalina.core.ApplicationFilterChain.doFilter(ApplicationFilterChain.java:107)
	at org.springframework.web.filter.CharacterEncodingFilter.doFilterInternal(CharacterEncodingFilter.java:199)
	at org.springframework.web.filter.OncePerRequestFilter.doFilter(OncePerRequestFilter.java:116)
	at org.apache.catalina.core.ApplicationFilterChain.doFilter(ApplicationFilterChain.java:107)
	at org.apache.catalina.core.StandardWrapperValve.invoke(StandardWrapperValve.java:165)
	at org.apache.catalina.core.StandardContextValve.invoke(StandardContextValve.java:77)
	at org.apache.catalina.authenticator.AuthenticatorBase.invoke(AuthenticatorBase.java:492)
	at org.apache.catalina.core.StandardHostValve.invoke(StandardHostValve.java:113)
	at org.apache.catalina.valves.ErrorReportValve.invoke(ErrorReportValve.java:83)
	at org.apache.catalina.core.StandardEngineValve.invoke(StandardEngineValve.java:72)
	at org.apache.catalina.connector.CoyoteAdapter.service(CoyoteAdapter.java:341)
	at org.apache.coyote.http11.Http11Processor.service(Http11Processor.java:397)
	at org.apache.coyote.AbstractProcessorLight.process(AbstractProcessorLight.java:63)
	at org.apache.coyote.AbstractProtocol$ConnectionHandler.process(AbstractProtocol.java:903)
	at org.apache.tomcat.util.net.NioEndpoint$SocketProcessor.doRun(NioEndpoint.java:1801)
	at org.apache.tomcat.util.net.SocketProcessorBase.run(SocketProcessorBase.java:52)
	at org.apache.tomcat.util.threads.ThreadPoolExecutor.runWorker(ThreadPoolExecutor.java:946)
	at org.apache.tomcat.util.threads.ThreadPoolExecutor$Worker.run(ThreadPoolExecutor.java:480)
	at org.apache.tomcat.util.threads.TaskThread$WrappingRunnable.run(TaskThread.java:57)
	at java.base/java.lang.Thread.run(Thread.java:1570)
2026-06-12 17:30:04 [SpringApplicationShutdownHook] INFO  o.s.boot.tomcat.GracefulShutdown - Commencing graceful shutdown. Waiting for active requests to complete
2026-06-12 17:30:04 [tomcat-shutdown] INFO  o.s.boot.tomcat.GracefulShutdown - Graceful shutdown complete
2026-06-12 17:30:04 [SpringApplicationShutdownHook] INFO  o.s.o.j.LocalContainerEntityManagerFactoryBean - Closing JPA EntityManagerFactory for persistence unit 'default'
2026-06-12 17:30:04 [SpringApplicationShutdownHook] INFO  com.zaxxer.hikari.HikariDataSource - HikariPool-1 - Shutdown initiated...
2026-06-12 17:30:04 [SpringApplicationShutdownHook] INFO  com.zaxxer.hikari.HikariDataSource - HikariPool-1 - Shutdown completed.
2026-06-12 17:30:06 [restartedMain] INFO  c.jsp.tasteloop.TasteloopApplication - Starting TasteloopApplication v0.0.1 using Java 22.0.2 with PID 16812 (D:\TasteLoop\tasteloop\target\classes started by amany in D:\TasteLoop\tasteloop)
2026-06-12 17:30:06 [restartedMain] DEBUG c.jsp.tasteloop.TasteloopApplication - Running with Spring Boot v4.0.6, Spring v7.0.7
2026-06-12 17:30:06 [restartedMain] INFO  c.jsp.tasteloop.TasteloopApplication - No active profile set, falling back to 1 default profile: "default"
2026-06-12 17:30:06 [restartedMain] INFO  o.s.b.d.e.DevToolsPropertyDefaultsPostProcessor - Devtools property defaults active! Set 'spring.devtools.add-properties' to 'false' to disable
2026-06-12 17:30:06 [restartedMain] INFO  o.s.b.d.e.DevToolsPropertyDefaultsPostProcessor - For additional web related logging consider setting the 'logging.level.web' property to 'DEBUG'
2026-06-12 17:30:07 [restartedMain] INFO  o.s.d.r.c.RepositoryConfigurationDelegate - Bootstrapping Spring Data JPA repositories in DEFAULT mode.
2026-06-12 17:30:07 [restartedMain] INFO  o.s.d.r.c.RepositoryConfigurationDelegate - Finished Spring Data repository scanning in 75 ms. Found 6 JPA repository interfaces.
2026-06-12 17:30:08 [restartedMain] INFO  o.s.boot.tomcat.TomcatWebServer - Tomcat initialized with port 8080 (http)
2026-06-12 17:30:08 [restartedMain] INFO  o.a.catalina.core.StandardService - Starting service [Tomcat]
2026-06-12 17:30:08 [restartedMain] INFO  o.a.catalina.core.StandardEngine - Starting Servlet engine: [Apache Tomcat/11.0.21]
2026-06-12 17:30:08 [restartedMain] INFO  o.s.b.w.c.s.WebApplicationContextInitializer - Root WebApplicationContext: initialization completed in 1636 ms
2026-06-12 17:30:08 [restartedMain] INFO  org.hibernate.orm.jpa - HHH008540: Processing PersistenceUnitInfo [name: default]
2026-06-12 17:30:08 [restartedMain] INFO  org.hibernate.orm.core - HHH000001: Hibernate ORM core version 7.2.12.Final
2026-06-12 17:30:09 [restartedMain] INFO  o.s.o.j.p.SpringPersistenceUnitInfo - No LoadTimeWeaver setup: ignoring JPA class transformer
2026-06-12 17:30:09 [restartedMain] INFO  com.zaxxer.hikari.HikariDataSource - HikariPool-1 - Starting...
2026-06-12 17:30:09 [restartedMain] INFO  com.zaxxer.hikari.pool.HikariPool - HikariPool-1 - Added connection org.postgresql.jdbc.PgConnection@d157e56
2026-06-12 17:30:09 [restartedMain] INFO  com.zaxxer.hikari.HikariDataSource - HikariPool-1 - Start completed.
2026-06-12 17:30:09 [restartedMain] WARN  org.hibernate.orm.deprecation - HHH90000025: PostgreSQLDialect does not need to be specified explicitly using 'hibernate.dialect' (remove the property setting and it will be selected by default)
2026-06-12 17:30:09 [restartedMain] INFO  o.hibernate.orm.connections.pooling - HHH10001005: Database info:
	Database JDBC URL [jdbc:postgresql://localhost:5432/tasteloop_db]
	Database driver: PostgreSQL JDBC Driver
	Database dialect: PostgreSQLDialect
	Database version: 16.13
	Default catalog/schema: tasteloop_db/public
	Autocommit mode: undefined/unknown
	Isolation level: READ_COMMITTED [default READ_COMMITTED]
	JDBC fetch size: none
	Pool: DataSourceConnectionProvider
	Minimum pool size: undefined/unknown
	Maximum pool size: undefined/unknown
2026-06-12 17:30:09 [restartedMain] INFO  org.hibernate.orm.core - HHH000489: No JTA platform available (set 'hibernate.transaction.jta.platform' to enable JTA platform integration)
2026-06-12 17:30:10 [restartedMain] INFO  o.s.o.j.LocalContainerEntityManagerFactoryBean - Initialized JPA EntityManagerFactory for persistence unit 'default'
2026-06-12 17:30:10 [restartedMain] INFO  o.s.d.j.r.q.QueryEnhancerFactories - Hibernate is in classpath; If applicable, HQL parser will be used.
2026-06-12 17:30:10 [restartedMain] WARN  o.s.b.j.a.JpaBaseConfiguration$JpaWebConfiguration - spring.jpa.open-in-view is enabled by default. Therefore, database queries may be performed during view rendering. Explicitly configure spring.jpa.open-in-view to disable this warning
2026-06-12 17:30:10 [restartedMain] INFO  o.s.s.c.a.a.c.InitializeUserDetailsBeanManagerConfigurer$InitializeUserDetailsManagerConfigurer - Global AuthenticationManager configured with UserDetailsService bean with name inMemoryUserDetailsManager
2026-06-12 17:30:11 [restartedMain] INFO  o.s.boot.tomcat.TomcatWebServer - Tomcat started on port 8080 (http) with context path '/'
2026-06-12 17:30:11 [restartedMain] INFO  c.jsp.tasteloop.TasteloopApplication - Started TasteloopApplication in 5.209 seconds (process running for 5.691)
2026-06-12 17:30:11 [restartedMain] WARN  o.s.c.events.SpringDocAppInitializer - SpringDoc /v3/api-docs endpoint is enabled by default. To disable it in production, set the property 'springdoc.api-docs.enabled=false'
2026-06-12 17:30:32 [http-nio-8080-exec-1] INFO  o.a.c.c.C.[Tomcat].[localhost].[/] - Initializing Spring DispatcherServlet 'dispatcherServlet'
2026-06-12 17:30:32 [http-nio-8080-exec-1] INFO  o.s.web.servlet.DispatcherServlet - Initializing Servlet 'dispatcherServlet'
2026-06-12 17:30:32 [http-nio-8080-exec-1] INFO  o.s.web.servlet.DispatcherServlet - Completed initialization in 0 ms
2026-06-12 17:30:33 [http-nio-8080-exec-1] DEBUG org.hibernate.SQL - 
    select
        u1_0.id,
        u1_0.active,
        u1_0.email,
        u1_0.name,
        u1_0.password,
        u1_0.phone,
        r1_0.restaurant_id,
        r1_0.address,
        r1_0.image,
        r1_0.phone,
        r1_0.pincode,
        r1_0.restaurant_name,
        u1_0.role 
    from
        users u1_0 
    left join
        restaurant r1_0 
            on u1_0.id=r1_0.manager_id 
    where
        u1_0.id=?
2026-06-12 17:30:33 [http-nio-8080-exec-1] DEBUG org.hibernate.SQL - 
    /* SELECT
        c 
    FROM
        Cart c 
    WHERE
        c.user = :user */ select
            c1_0.cart_id,
            c1_0.total_price,
            c1_0.user_id 
        from
            cart c1_0 
        where
            c1_0.user_id=?
2026-06-12 17:30:33 [http-nio-8080-exec-1] DEBUG org.hibernate.SQL - 
    select
        i1_0.cart_id,
        i1_0.cart_item_id,
        i1_0.category,
        i1_0.description,
        i1_0.food_item_id,
        i1_0.food_name,
        i1_0.image_url,
        i1_0.price,
        i1_0.quantity 
    from
        cart_item i1_0 
    where
        i1_0.cart_id=?
2026-06-12 17:30:33 [http-nio-8080-exec-1] DEBUG org.hibernate.SQL - 
    select
        fi1_0.id,
        fi1_0.category,
        fi1_0.description,
        fi1_0.name,
        fi1_0.price,
        r1_0.restaurant_id,
        r1_0.address,
        r1_0.image,
        m1_0.id,
        m1_0.active,
        m1_0.email,
        m1_0.name,
        m1_0.password,
        m1_0.phone,
        m1_0.role,
        r1_0.phone,
        r1_0.pincode,
        r1_0.restaurant_name,
        fi1_0.stock,
        fi1_0.stock_available 
    from
        food_item fi1_0 
    left join
        restaurant r1_0 
            on r1_0.restaurant_id=fi1_0.restaurant_id 
    left join
        users m1_0 
            on m1_0.id=r1_0.manager_id 
    where
        fi1_0.id=?
2026-06-12 17:30:33 [http-nio-8080-exec-1] DEBUG org.hibernate.SQL - 
    select
        fi1_0.id,
        fi1_0.category,
        fi1_0.description,
        fi1_0.name,
        fi1_0.price,
        r1_0.restaurant_id,
        r1_0.address,
        r1_0.image,
        m1_0.id,
        m1_0.active,
        m1_0.email,
        m1_0.name,
        m1_0.password,
        m1_0.phone,
        m1_0.role,
        r1_0.phone,
        r1_0.pincode,
        r1_0.restaurant_name,
        fi1_0.stock,
        fi1_0.stock_available 
    from
        food_item fi1_0 
    left join
        restaurant r1_0 
            on r1_0.restaurant_id=fi1_0.restaurant_id 
    left join
        users m1_0 
            on m1_0.id=r1_0.manager_id 
    where
        fi1_0.id=?
2026-06-12 17:30:33 [http-nio-8080-exec-1] DEBUG org.hibernate.SQL - 
    select
        fi1_0.id,
        fi1_0.category,
        fi1_0.description,
        fi1_0.name,
        fi1_0.price,
        r1_0.restaurant_id,
        r1_0.address,
        r1_0.image,
        m1_0.id,
        m1_0.active,
        m1_0.email,
        m1_0.name,
        m1_0.password,
        m1_0.phone,
        m1_0.role,
        r1_0.phone,
        r1_0.pincode,
        r1_0.restaurant_name,
        fi1_0.stock,
        fi1_0.stock_available 
    from
        food_item fi1_0 
    left join
        restaurant r1_0 
            on r1_0.restaurant_id=fi1_0.restaurant_id 
    left join
        users m1_0 
            on m1_0.id=r1_0.manager_id 
    where
        fi1_0.id=?
2026-06-12 17:30:33 [http-nio-8080-exec-1] DEBUG org.hibernate.SQL - 
    /* insert 
    for
        com.jsp.tasteloop.order_module.model.Order
        */insert 
    into
        orders (order_status, payment_id, total_amount, user_id) 
    values
        (?, ?, ?, ?)
2026-06-12 17:30:33 [http-nio-8080-exec-1] DEBUG org.hibernate.SQL - 
    /* insert 
    for
        com.jsp.tasteloop.order_module.model.OrderItem
        */insert 
    into
        order_item (food_item_id, order_id, price, quantity) 
    values
        (?, ?, ?, ?)
2026-06-12 17:30:33 [http-nio-8080-exec-1] DEBUG org.hibernate.SQL - 
    /* insert 
    for
        com.jsp.tasteloop.order_module.model.OrderItem
        */insert 
    into
        order_item (food_item_id, order_id, price, quantity) 
    values
        (?, ?, ?, ?)
2026-06-12 17:30:33 [http-nio-8080-exec-1] DEBUG org.hibernate.SQL - 
    /* insert 
    for
        com.jsp.tasteloop.order_module.model.OrderItem
        */insert 
    into
        order_item (food_item_id, order_id, price, quantity) 
    values
        (?, ?, ?, ?)
2026-06-12 17:30:33 [http-nio-8080-exec-1] DEBUG org.hibernate.SQL - 
    /* update
        
    for
        com.jsp.tasteloop.cart_module.model.Cart */update cart 
    set
        total_price=?,
        user_id=? 
    where
        cart_id=?
2026-06-12 17:30:33 [http-nio-8080-exec-1] DEBUG org.hibernate.SQL - 
    /* update
        
    for
        com.jsp.tasteloop.restaurant_module.model.FoodItem */update food_item 
    set
        category=?,
        description=?,
        name=?,
        price=?,
        restaurant_id=?,
        stock=?,
        stock_available=? 
    where
        id=?
2026-06-12 17:30:33 [http-nio-8080-exec-1] DEBUG org.hibernate.SQL - 
    /* update
        
    for
        com.jsp.tasteloop.restaurant_module.model.FoodItem */update food_item 
    set
        category=?,
        description=?,
        name=?,
        price=?,
        restaurant_id=?,
        stock=?,
        stock_available=? 
    where
        id=?
2026-06-12 17:30:33 [http-nio-8080-exec-1] DEBUG org.hibernate.SQL - 
    /* update
        
    for
        com.jsp.tasteloop.restaurant_module.model.FoodItem */update food_item 
    set
        category=?,
        description=?,
        name=?,
        price=?,
        restaurant_id=?,
        stock=?,
        stock_available=? 
    where
        id=?
2026-06-12 17:30:33 [http-nio-8080-exec-1] DEBUG org.hibernate.SQL - 
    /* delete 
    for
        com.jsp.tasteloop.cart_module.model.CartItem */delete 
    from
        cart_item 
    where
        cart_item_id=?
2026-06-12 17:30:33 [http-nio-8080-exec-1] DEBUG org.hibernate.SQL - 
    /* delete 
    for
        com.jsp.tasteloop.cart_module.model.CartItem */delete 
    from
        cart_item 
    where
        cart_item_id=?
2026-06-12 17:30:33 [http-nio-8080-exec-1] DEBUG org.hibernate.SQL - 
    /* delete 
    for
        com.jsp.tasteloop.cart_module.model.CartItem */delete 
    from
        cart_item 
    where
        cart_item_id=?
2026-06-12 17:30:33 [http-nio-8080-exec-1] WARN  o.s.w.s.m.s.DefaultHandlerExceptionResolver - Ignoring exception, response committed already: org.springframework.http.converter.HttpMessageNotWritableException: Could not write JSON: Document nesting depth (501) exceeds the maximum allowed (500, from `StreamWriteConstraints.getMaxNestingDepth()`)
2026-06-12 17:30:33 [http-nio-8080-exec-1] WARN  o.s.w.s.m.s.DefaultHandlerExceptionResolver - Resolved [org.springframework.http.converter.HttpMessageNotWritableException: Could not write JSON: Document nesting depth (501) exceeds the maximum allowed (500, from `StreamWriteConstraints.getMaxNestingDepth()`)]
2026-06-12 17:31:34 [SpringApplicationShutdownHook] INFO  o.s.boot.tomcat.GracefulShutdown - Commencing graceful shutdown. Waiting for active requests to complete
2026-06-12 17:31:34 [tomcat-shutdown] INFO  o.s.boot.tomcat.GracefulShutdown - Graceful shutdown complete
2026-06-12 17:31:34 [SpringApplicationShutdownHook] INFO  o.s.o.j.LocalContainerEntityManagerFactoryBean - Closing JPA EntityManagerFactory for persistence unit 'default'
2026-06-12 17:31:34 [SpringApplicationShutdownHook] INFO  com.zaxxer.hikari.HikariDataSource - HikariPool-1 - Shutdown initiated...
2026-06-12 17:31:34 [SpringApplicationShutdownHook] INFO  com.zaxxer.hikari.HikariDataSource - HikariPool-1 - Shutdown completed.
2026-06-12 17:31:38 [restartedMain] INFO  c.jsp.tasteloop.TasteloopApplication - Starting TasteloopApplication v0.0.1 using Java 22.0.2 with PID 27176 (D:\TasteLoop\tasteloop\target\classes started by amany in D:\TasteLoop\tasteloop)
2026-06-12 17:31:38 [restartedMain] DEBUG c.jsp.tasteloop.TasteloopApplication - Running with Spring Boot v4.0.6, Spring v7.0.7
2026-06-12 17:31:38 [restartedMain] INFO  c.jsp.tasteloop.TasteloopApplication - No active profile set, falling back to 1 default profile: "default"
2026-06-12 17:31:38 [restartedMain] INFO  o.s.b.d.e.DevToolsPropertyDefaultsPostProcessor - Devtools property defaults active! Set 'spring.devtools.add-properties' to 'false' to disable
2026-06-12 17:31:38 [restartedMain] INFO  o.s.b.d.e.DevToolsPropertyDefaultsPostProcessor - For additional web related logging consider setting the 'logging.level.web' property to 'DEBUG'
2026-06-12 17:31:39 [restartedMain] INFO  o.s.d.r.c.RepositoryConfigurationDelegate - Bootstrapping Spring Data JPA repositories in DEFAULT mode.
2026-06-12 17:31:39 [restartedMain] INFO  o.s.d.r.c.RepositoryConfigurationDelegate - Finished Spring Data repository scanning in 74 ms. Found 6 JPA repository interfaces.
2026-06-12 17:31:40 [restartedMain] INFO  o.s.boot.tomcat.TomcatWebServer - Tomcat initialized with port 8080 (http)
2026-06-12 17:31:40 [restartedMain] INFO  o.a.catalina.core.StandardService - Starting service [Tomcat]
2026-06-12 17:31:40 [restartedMain] INFO  o.a.catalina.core.StandardEngine - Starting Servlet engine: [Apache Tomcat/11.0.21]
2026-06-12 17:31:40 [restartedMain] INFO  o.s.b.w.c.s.WebApplicationContextInitializer - Root WebApplicationContext: initialization completed in 1591 ms
2026-06-12 17:31:40 [restartedMain] INFO  org.hibernate.orm.jpa - HHH008540: Processing PersistenceUnitInfo [name: default]
2026-06-12 17:31:40 [restartedMain] INFO  org.hibernate.orm.core - HHH000001: Hibernate ORM core version 7.2.12.Final
2026-06-12 17:31:40 [restartedMain] INFO  o.s.o.j.p.SpringPersistenceUnitInfo - No LoadTimeWeaver setup: ignoring JPA class transformer
2026-06-12 17:31:40 [restartedMain] INFO  com.zaxxer.hikari.HikariDataSource - HikariPool-1 - Starting...
2026-06-12 17:31:41 [restartedMain] INFO  com.zaxxer.hikari.pool.HikariPool - HikariPool-1 - Added connection org.postgresql.jdbc.PgConnection@264931f9
2026-06-12 17:31:41 [restartedMain] INFO  com.zaxxer.hikari.HikariDataSource - HikariPool-1 - Start completed.
2026-06-12 17:31:41 [restartedMain] WARN  org.hibernate.orm.deprecation - HHH90000025: PostgreSQLDialect does not need to be specified explicitly using 'hibernate.dialect' (remove the property setting and it will be selected by default)
2026-06-12 17:31:41 [restartedMain] INFO  o.hibernate.orm.connections.pooling - HHH10001005: Database info:
	Database JDBC URL [jdbc:postgresql://localhost:5432/tasteloop_db]
	Database driver: PostgreSQL JDBC Driver
	Database dialect: PostgreSQLDialect
	Database version: 16.13
	Default catalog/schema: tasteloop_db/public
	Autocommit mode: undefined/unknown
	Isolation level: READ_COMMITTED [default READ_COMMITTED]
	JDBC fetch size: none
	Pool: DataSourceConnectionProvider
	Minimum pool size: undefined/unknown
	Maximum pool size: undefined/unknown
2026-06-12 17:31:41 [restartedMain] INFO  org.hibernate.orm.core - HHH000489: No JTA platform available (set 'hibernate.transaction.jta.platform' to enable JTA platform integration)
2026-06-12 17:31:41 [restartedMain] INFO  o.s.o.j.LocalContainerEntityManagerFactoryBean - Initialized JPA EntityManagerFactory for persistence unit 'default'
2026-06-12 17:31:41 [restartedMain] INFO  o.s.d.j.r.q.QueryEnhancerFactories - Hibernate is in classpath; If applicable, HQL parser will be used.
2026-06-12 17:31:42 [restartedMain] WARN  o.s.b.j.a.JpaBaseConfiguration$JpaWebConfiguration - spring.jpa.open-in-view is enabled by default. Therefore, database queries may be performed during view rendering. Explicitly configure spring.jpa.open-in-view to disable this warning
2026-06-12 17:31:42 [restartedMain] INFO  o.s.s.c.a.a.c.InitializeUserDetailsBeanManagerConfigurer$InitializeUserDetailsManagerConfigurer - Global AuthenticationManager configured with UserDetailsService bean with name inMemoryUserDetailsManager
2026-06-12 17:31:43 [restartedMain] INFO  o.s.boot.tomcat.TomcatWebServer - Tomcat started on port 8080 (http) with context path '/'
2026-06-12 17:31:43 [restartedMain] INFO  c.jsp.tasteloop.TasteloopApplication - Started TasteloopApplication in 5.162 seconds (process running for 5.729)
2026-06-12 17:31:43 [restartedMain] WARN  o.s.c.events.SpringDocAppInitializer - SpringDoc /v3/api-docs endpoint is enabled by default. To disable it in production, set the property 'springdoc.api-docs.enabled=false'
2026-06-12 17:31:49 [http-nio-8080-exec-3] INFO  o.a.c.c.C.[Tomcat].[localhost].[/] - Initializing Spring DispatcherServlet 'dispatcherServlet'
2026-06-12 17:31:49 [http-nio-8080-exec-3] INFO  o.s.web.servlet.DispatcherServlet - Initializing Servlet 'dispatcherServlet'
2026-06-12 17:31:49 [http-nio-8080-exec-3] INFO  o.s.web.servlet.DispatcherServlet - Completed initialization in 0 ms
2026-06-12 17:31:49 [http-nio-8080-exec-3] DEBUG org.hibernate.SQL - 
    select
        u1_0.id,
        u1_0.active,
        u1_0.email,
        u1_0.name,
        u1_0.password,
        u1_0.phone,
        r1_0.restaurant_id,
        r1_0.address,
        r1_0.image,
        r1_0.phone,
        r1_0.pincode,
        r1_0.restaurant_name,
        u1_0.role 
    from
        users u1_0 
    left join
        restaurant r1_0 
            on u1_0.id=r1_0.manager_id 
    where
        u1_0.id=?
2026-06-12 17:31:50 [http-nio-8080-exec-3] DEBUG org.hibernate.SQL - 
    /* SELECT
        c 
    FROM
        Cart c 
    WHERE
        c.user = :user */ select
            c1_0.cart_id,
            c1_0.total_price,
            c1_0.user_id 
        from
            cart c1_0 
        where
            c1_0.user_id=?
2026-06-12 17:31:50 [http-nio-8080-exec-3] DEBUG org.hibernate.SQL - 
    select
        i1_0.cart_id,
        i1_0.cart_item_id,
        i1_0.category,
        i1_0.description,
        i1_0.food_item_id,
        i1_0.food_name,
        i1_0.image_url,
        i1_0.price,
        i1_0.quantity 
    from
        cart_item i1_0 
    where
        i1_0.cart_id=?
2026-06-12 17:31:50 [http-nio-8080-exec-3] ERROR o.a.c.c.C.[.[.[.[dispatcherServlet] - Servlet.service() for servlet [dispatcherServlet] in context with path [] threw exception [Request processing failed: java.lang.RuntimeException: Cart is empty] with root cause
java.lang.RuntimeException: Cart is empty
	at com.jsp.tasteloop.order_module.service.impl.OrderServiceImpl.order(OrderServiceImpl.java:40)
	at java.base/jdk.internal.reflect.DirectMethodHandleAccessor.invoke(DirectMethodHandleAccessor.java:103)
	at java.base/java.lang.reflect.Method.invoke(Method.java:580)
	at org.springframework.aop.support.AopUtils.invokeJoinpointUsingReflection(AopUtils.java:359)
	at org.springframework.aop.framework.ReflectiveMethodInvocation.invokeJoinpoint(ReflectiveMethodInvocation.java:190)
	at org.springframework.aop.framework.ReflectiveMethodInvocation.proceed(ReflectiveMethodInvocation.java:158)
	at org.springframework.transaction.interceptor.TransactionInterceptor$1.proceedWithInvocation(TransactionInterceptor.java:133)
	at org.springframework.transaction.interceptor.TransactionAspectSupport.invokeWithinTransaction(TransactionAspectSupport.java:371)
	at org.springframework.transaction.interceptor.TransactionInterceptor.invoke(TransactionInterceptor.java:130)
	at org.springframework.aop.framework.ReflectiveMethodInvocation.proceed(ReflectiveMethodInvocation.java:179)
	at org.springframework.aop.framework.CglibAopProxy$DynamicAdvisedInterceptor.intercept(CglibAopProxy.java:719)
	at com.jsp.tasteloop.order_module.service.impl.OrderServiceImpl$$SpringCGLIB$$0.order(<generated>)
	at com.jsp.tasteloop.order_module.controller.OrderController.placeOrder(OrderController.java:26)
	at java.base/jdk.internal.reflect.DirectMethodHandleAccessor.invoke(DirectMethodHandleAccessor.java:103)
	at java.base/java.lang.reflect.Method.invoke(Method.java:580)
	at org.springframework.web.method.support.InvocableHandlerMethod.doInvoke(InvocableHandlerMethod.java:252)
	at org.springframework.web.method.support.InvocableHandlerMethod.invokeForRequest(InvocableHandlerMethod.java:184)
	at org.springframework.web.servlet.mvc.method.annotation.ServletInvocableHandlerMethod.invokeAndHandle(ServletInvocableHandlerMethod.java:117)
	at org.springframework.web.servlet.mvc.method.annotation.RequestMappingHandlerAdapter.invokeHandlerMethod(RequestMappingHandlerAdapter.java:934)
	at org.springframework.web.servlet.mvc.method.annotation.RequestMappingHandlerAdapter.handleInternal(RequestMappingHandlerAdapter.java:853)
	at org.springframework.web.servlet.mvc.method.AbstractHandlerMethodAdapter.handle(AbstractHandlerMethodAdapter.java:86)
	at org.springframework.web.servlet.DispatcherServlet.doDispatch(DispatcherServlet.java:963)
	at org.springframework.web.servlet.DispatcherServlet.doService(DispatcherServlet.java:866)
	at org.springframework.web.servlet.FrameworkServlet.processRequest(FrameworkServlet.java:1000)
	at org.springframework.web.servlet.FrameworkServlet.doPost(FrameworkServlet.java:903)
	at jakarta.servlet.http.HttpServlet.service(HttpServlet.java:649)
	at org.springframework.web.servlet.FrameworkServlet.service(FrameworkServlet.java:874)
	at jakarta.servlet.http.HttpServlet.service(HttpServlet.java:710)
	at org.apache.catalina.core.ApplicationFilterChain.doFilter(ApplicationFilterChain.java:128)
	at org.apache.tomcat.websocket.server.WsFilter.doFilter(WsFilter.java:53)
	at org.apache.catalina.core.ApplicationFilterChain.doFilter(ApplicationFilterChain.java:107)
	at org.springframework.web.filter.CompositeFilter$VirtualFilterChain.doFilter(CompositeFilter.java:108)
	at org.springframework.security.web.FilterChainProxy.lambda$doFilterInternal$3(FilterChainProxy.java:235)
	at org.springframework.security.web.FilterChainProxy$VirtualFilterChain.doFilter(FilterChainProxy.java:376)
	at org.springframework.security.web.access.intercept.AuthorizationFilter.doFilter(AuthorizationFilter.java:101)
	at org.springframework.security.web.FilterChainProxy$VirtualFilterChain.doFilter(FilterChainProxy.java:385)
	at org.springframework.security.web.access.ExceptionTranslationFilter.doFilter(ExceptionTranslationFilter.java:126)
	at org.springframework.security.web.access.ExceptionTranslationFilter.doFilter(ExceptionTranslationFilter.java:120)
	at org.springframework.security.web.FilterChainProxy$VirtualFilterChain.doFilter(FilterChainProxy.java:385)
	at org.springframework.security.web.authentication.AnonymousAuthenticationFilter.doFilter(AnonymousAuthenticationFilter.java:100)
	at org.springframework.security.web.FilterChainProxy$VirtualFilterChain.doFilter(FilterChainProxy.java:385)
	at org.springframework.security.web.servletapi.SecurityContextHolderAwareRequestFilter.doFilter(SecurityContextHolderAwareRequestFilter.java:181)
	at org.springframework.security.web.FilterChainProxy$VirtualFilterChain.doFilter(FilterChainProxy.java:385)
	at org.springframework.security.web.savedrequest.RequestCacheAwareFilter.doFilter(RequestCacheAwareFilter.java:63)
	at org.springframework.security.web.FilterChainProxy$VirtualFilterChain.doFilter(FilterChainProxy.java:385)
	at org.springframework.security.web.authentication.logout.LogoutFilter.doFilter(LogoutFilter.java:110)
	at org.springframework.security.web.authentication.logout.LogoutFilter.doFilter(LogoutFilter.java:96)
	at org.springframework.security.web.FilterChainProxy$VirtualFilterChain.doFilter(FilterChainProxy.java:385)
	at org.springframework.security.web.header.HeaderWriterFilter.doHeadersAfter(HeaderWriterFilter.java:90)
	at org.springframework.security.web.header.HeaderWriterFilter.doFilterInternal(HeaderWriterFilter.java:75)
	at org.springframework.web.filter.OncePerRequestFilter.doFilter(OncePerRequestFilter.java:116)
	at org.springframework.security.web.FilterChainProxy$VirtualFilterChain.doFilter(FilterChainProxy.java:385)
	at org.springframework.security.web.context.SecurityContextHolderFilter.doFilter(SecurityContextHolderFilter.java:82)
	at org.springframework.security.web.context.SecurityContextHolderFilter.doFilter(SecurityContextHolderFilter.java:69)
	at org.springframework.security.web.FilterChainProxy$VirtualFilterChain.doFilter(FilterChainProxy.java:385)
	at org.springframework.security.web.context.request.async.WebAsyncManagerIntegrationFilter.doFilterInternal(WebAsyncManagerIntegrationFilter.java:62)
	at org.springframework.web.filter.OncePerRequestFilter.doFilter(OncePerRequestFilter.java:116)
	at org.springframework.security.web.FilterChainProxy$VirtualFilterChain.doFilter(FilterChainProxy.java:385)
	at org.springframework.security.web.session.DisableEncodeUrlFilter.doFilterInternal(DisableEncodeUrlFilter.java:42)
	at org.springframework.web.filter.OncePerRequestFilter.doFilter(OncePerRequestFilter.java:116)
	at org.springframework.security.web.FilterChainProxy$VirtualFilterChain.doFilter(FilterChainProxy.java:385)
	at org.springframework.security.web.FilterChainProxy.doFilterInternal(FilterChainProxy.java:237)
	at org.springframework.security.web.FilterChainProxy.doFilter(FilterChainProxy.java:195)
	at org.springframework.web.filter.CompositeFilter$VirtualFilterChain.doFilter(CompositeFilter.java:113)
	at org.springframework.web.filter.ServletRequestPathFilter.doFilter(ServletRequestPathFilter.java:52)
	at org.springframework.web.filter.CompositeFilter$VirtualFilterChain.doFilter(CompositeFilter.java:113)
	at org.springframework.web.filter.CompositeFilter.doFilter(CompositeFilter.java:74)
	at org.springframework.security.config.annotation.web.configuration.WebSecurityConfiguration$CompositeFilterChainProxy.doFilter(WebSecurityConfiguration.java:317)
	at org.springframework.web.filter.DelegatingFilterProxy.invokeDelegate(DelegatingFilterProxy.java:355)
	at org.springframework.web.filter.DelegatingFilterProxy.doFilter(DelegatingFilterProxy.java:272)
	at org.apache.catalina.core.ApplicationFilterChain.doFilter(ApplicationFilterChain.java:107)
	at org.springframework.web.filter.RequestContextFilter.doFilterInternal(RequestContextFilter.java:100)
	at org.springframework.web.filter.OncePerRequestFilter.doFilter(OncePerRequestFilter.java:116)
	at org.apache.catalina.core.ApplicationFilterChain.doFilter(ApplicationFilterChain.java:107)
	at org.springframework.web.filter.FormContentFilter.doFilterInternal(FormContentFilter.java:93)
	at org.springframework.web.filter.OncePerRequestFilter.doFilter(OncePerRequestFilter.java:116)
	at org.apache.catalina.core.ApplicationFilterChain.doFilter(ApplicationFilterChain.java:107)
	at org.springframework.web.filter.CharacterEncodingFilter.doFilterInternal(CharacterEncodingFilter.java:199)
	at org.springframework.web.filter.OncePerRequestFilter.doFilter(OncePerRequestFilter.java:116)
	at org.apache.catalina.core.ApplicationFilterChain.doFilter(ApplicationFilterChain.java:107)
	at org.apache.catalina.core.StandardWrapperValve.invoke(StandardWrapperValve.java:165)
	at org.apache.catalina.core.StandardContextValve.invoke(StandardContextValve.java:77)
	at org.apache.catalina.authenticator.AuthenticatorBase.invoke(AuthenticatorBase.java:492)
	at org.apache.catalina.core.StandardHostValve.invoke(StandardHostValve.java:113)
	at org.apache.catalina.valves.ErrorReportValve.invoke(ErrorReportValve.java:83)
	at org.apache.catalina.core.StandardEngineValve.invoke(StandardEngineValve.java:72)
	at org.apache.catalina.connector.CoyoteAdapter.service(CoyoteAdapter.java:341)
	at org.apache.coyote.http11.Http11Processor.service(Http11Processor.java:397)
	at org.apache.coyote.AbstractProcessorLight.process(AbstractProcessorLight.java:63)
	at org.apache.coyote.AbstractProtocol$ConnectionHandler.process(AbstractProtocol.java:903)
	at org.apache.tomcat.util.net.NioEndpoint$SocketProcessor.doRun(NioEndpoint.java:1801)
	at org.apache.tomcat.util.net.SocketProcessorBase.run(SocketProcessorBase.java:52)
	at org.apache.tomcat.util.threads.ThreadPoolExecutor.runWorker(ThreadPoolExecutor.java:946)
	at org.apache.tomcat.util.threads.ThreadPoolExecutor$Worker.run(ThreadPoolExecutor.java:480)
	at org.apache.tomcat.util.threads.TaskThread$WrappingRunnable.run(TaskThread.java:57)
	at java.base/java.lang.Thread.run(Thread.java:1570)
2026-06-12 17:32:01 [http-nio-8080-exec-1] DEBUG org.hibernate.SQL - 
    select
        u1_0.id,
        u1_0.active,
        u1_0.email,
        u1_0.name,
        u1_0.password,
        u1_0.phone,
        r1_0.restaurant_id,
        r1_0.address,
        r1_0.image,
        r1_0.phone,
        r1_0.pincode,
        r1_0.restaurant_name,
        u1_0.role 
    from
        users u1_0 
    left join
        restaurant r1_0 
            on u1_0.id=r1_0.manager_id 
    where
        u1_0.id=?
2026-06-12 17:32:01 [http-nio-8080-exec-1] DEBUG org.hibernate.SQL - 
    /* SELECT
        c 
    FROM
        Cart c 
    WHERE
        c.user = :user */ select
            c1_0.cart_id,
            c1_0.total_price,
            c1_0.user_id 
        from
            cart c1_0 
        where
            c1_0.user_id=?
2026-06-12 17:32:01 [http-nio-8080-exec-1] DEBUG org.hibernate.SQL - 
    select
        i1_0.cart_id,
        i1_0.cart_item_id,
        i1_0.category,
        i1_0.description,
        i1_0.food_item_id,
        i1_0.food_name,
        i1_0.image_url,
        i1_0.price,
        i1_0.quantity 
    from
        cart_item i1_0 
    where
        i1_0.cart_id=?
2026-06-12 17:32:01 [http-nio-8080-exec-1] DEBUG org.hibernate.SQL - 
    select
        fi1_0.id,
        fi1_0.category,
        fi1_0.description,
        fi1_0.name,
        fi1_0.price,
        r1_0.restaurant_id,
        r1_0.address,
        r1_0.image,
        m1_0.id,
        m1_0.active,
        m1_0.email,
        m1_0.name,
        m1_0.password,
        m1_0.phone,
        m1_0.role,
        r1_0.phone,
        r1_0.pincode,
        r1_0.restaurant_name,
        fi1_0.stock,
        fi1_0.stock_available 
    from
        food_item fi1_0 
    left join
        restaurant r1_0 
            on r1_0.restaurant_id=fi1_0.restaurant_id 
    left join
        users m1_0 
            on m1_0.id=r1_0.manager_id 
    where
        fi1_0.id=?
2026-06-12 17:32:01 [http-nio-8080-exec-1] DEBUG org.hibernate.SQL - 
    select
        fi1_0.id,
        fi1_0.category,
        fi1_0.description,
        fi1_0.name,
        fi1_0.price,
        r1_0.restaurant_id,
        r1_0.address,
        r1_0.image,
        m1_0.id,
        m1_0.active,
        m1_0.email,
        m1_0.name,
        m1_0.password,
        m1_0.phone,
        m1_0.role,
        r1_0.phone,
        r1_0.pincode,
        r1_0.restaurant_name,
        fi1_0.stock,
        fi1_0.stock_available 
    from
        food_item fi1_0 
    left join
        restaurant r1_0 
            on r1_0.restaurant_id=fi1_0.restaurant_id 
    left join
        users m1_0 
            on m1_0.id=r1_0.manager_id 
    where
        fi1_0.id=?
2026-06-12 17:32:01 [http-nio-8080-exec-1] DEBUG org.hibernate.SQL - 
    select
        fi1_0.id,
        fi1_0.category,
        fi1_0.description,
        fi1_0.name,
        fi1_0.price,
        r1_0.restaurant_id,
        r1_0.address,
        r1_0.image,
        m1_0.id,
        m1_0.active,
        m1_0.email,
        m1_0.name,
        m1_0.password,
        m1_0.phone,
        m1_0.role,
        r1_0.phone,
        r1_0.pincode,
        r1_0.restaurant_name,
        fi1_0.stock,
        fi1_0.stock_available 
    from
        food_item fi1_0 
    left join
        restaurant r1_0 
            on r1_0.restaurant_id=fi1_0.restaurant_id 
    left join
        users m1_0 
            on m1_0.id=r1_0.manager_id 
    where
        fi1_0.id=?
2026-06-12 17:32:01 [http-nio-8080-exec-1] DEBUG org.hibernate.SQL - 
    /* insert 
    for
        com.jsp.tasteloop.order_module.model.Order
        */insert 
    into
        orders (order_status, payment_id, total_amount, user_id) 
    values
        (?, ?, ?, ?)
2026-06-12 17:32:01 [http-nio-8080-exec-1] DEBUG org.hibernate.SQL - 
    /* insert 
    for
        com.jsp.tasteloop.order_module.model.OrderItem
        */insert 
    into
        order_item (food_item_id, order_id, price, quantity) 
    values
        (?, ?, ?, ?)
2026-06-12 17:32:01 [http-nio-8080-exec-1] DEBUG org.hibernate.SQL - 
    /* insert 
    for
        com.jsp.tasteloop.order_module.model.OrderItem
        */insert 
    into
        order_item (food_item_id, order_id, price, quantity) 
    values
        (?, ?, ?, ?)
2026-06-12 17:32:01 [http-nio-8080-exec-1] DEBUG org.hibernate.SQL - 
    /* insert 
    for
        com.jsp.tasteloop.order_module.model.OrderItem
        */insert 
    into
        order_item (food_item_id, order_id, price, quantity) 
    values
        (?, ?, ?, ?)
2026-06-12 17:32:01 [http-nio-8080-exec-1] DEBUG org.hibernate.SQL - 
    /* update
        
    for
        com.jsp.tasteloop.cart_module.model.Cart */update cart 
    set
        total_price=?,
        user_id=? 
    where
        cart_id=?
2026-06-12 17:32:01 [http-nio-8080-exec-1] DEBUG org.hibernate.SQL - 
    /* update
        
    for
        com.jsp.tasteloop.restaurant_module.model.FoodItem */update food_item 
    set
        category=?,
        description=?,
        name=?,
        price=?,
        restaurant_id=?,
        stock=?,
        stock_available=? 
    where
        id=?
2026-06-12 17:32:01 [http-nio-8080-exec-1] DEBUG org.hibernate.SQL - 
    /* update
        
    for
        com.jsp.tasteloop.restaurant_module.model.FoodItem */update food_item 
    set
        category=?,
        description=?,
        name=?,
        price=?,
        restaurant_id=?,
        stock=?,
        stock_available=? 
    where
        id=?
2026-06-12 17:32:01 [http-nio-8080-exec-1] DEBUG org.hibernate.SQL - 
    /* update
        
    for
        com.jsp.tasteloop.restaurant_module.model.FoodItem */update food_item 
    set
        category=?,
        description=?,
        name=?,
        price=?,
        restaurant_id=?,
        stock=?,
        stock_available=? 
    where
        id=?
2026-06-12 17:32:01 [http-nio-8080-exec-1] DEBUG org.hibernate.SQL - 
    /* delete 
    for
        com.jsp.tasteloop.cart_module.model.CartItem */delete 
    from
        cart_item 
    where
        cart_item_id=?
2026-06-12 17:32:01 [http-nio-8080-exec-1] DEBUG org.hibernate.SQL - 
    /* delete 
    for
        com.jsp.tasteloop.cart_module.model.CartItem */delete 
    from
        cart_item 
    where
        cart_item_id=?
2026-06-12 17:32:01 [http-nio-8080-exec-1] DEBUG org.hibernate.SQL - 
    /* delete 
    for
        com.jsp.tasteloop.cart_module.model.CartItem */delete 
    from
        cart_item 
    where
        cart_item_id=?
2026-06-12 17:32:34 [http-nio-8080-exec-4] DEBUG org.hibernate.SQL - 
    select
        u1_0.id,
        u1_0.active,
        u1_0.email,
        u1_0.name,
        u1_0.password,
        u1_0.phone,
        r1_0.restaurant_id,
        r1_0.address,
        r1_0.image,
        r1_0.phone,
        r1_0.pincode,
        r1_0.restaurant_name,
        u1_0.role 
    from
        users u1_0 
    left join
        restaurant r1_0 
            on u1_0.id=r1_0.manager_id 
    where
        u1_0.id=?
2026-06-12 17:32:34 [http-nio-8080-exec-4] DEBUG org.hibernate.SQL - 
    /* SELECT
        c 
    FROM
        Cart c 
    WHERE
        c.user = :user */ select
            c1_0.cart_id,
            c1_0.total_price,
            c1_0.user_id 
        from
            cart c1_0 
        where
            c1_0.user_id=?
2026-06-12 17:32:34 [http-nio-8080-exec-4] DEBUG org.hibernate.SQL - 
    select
        i1_0.cart_id,
        i1_0.cart_item_id,
        i1_0.category,
        i1_0.description,
        i1_0.food_item_id,
        i1_0.food_name,
        i1_0.image_url,
        i1_0.price,
        i1_0.quantity 
    from
        cart_item i1_0 
    where
        i1_0.cart_id=?
2026-06-12 17:32:34 [http-nio-8080-exec-4] ERROR o.a.c.c.C.[.[.[.[dispatcherServlet] - Servlet.service() for servlet [dispatcherServlet] in context with path [] threw exception [Request processing failed: java.lang.RuntimeException: Cart is empty] with root cause
java.lang.RuntimeException: Cart is empty
	at com.jsp.tasteloop.order_module.service.impl.OrderServiceImpl.order(OrderServiceImpl.java:40)
	at java.base/jdk.internal.reflect.DirectMethodHandleAccessor.invoke(DirectMethodHandleAccessor.java:103)
	at java.base/java.lang.reflect.Method.invoke(Method.java:580)
	at org.springframework.aop.support.AopUtils.invokeJoinpointUsingReflection(AopUtils.java:359)
	at org.springframework.aop.framework.ReflectiveMethodInvocation.invokeJoinpoint(ReflectiveMethodInvocation.java:190)
	at org.springframework.aop.framework.ReflectiveMethodInvocation.proceed(ReflectiveMethodInvocation.java:158)
	at org.springframework.transaction.interceptor.TransactionInterceptor$1.proceedWithInvocation(TransactionInterceptor.java:133)
	at org.springframework.transaction.interceptor.TransactionAspectSupport.invokeWithinTransaction(TransactionAspectSupport.java:371)
	at org.springframework.transaction.interceptor.TransactionInterceptor.invoke(TransactionInterceptor.java:130)
	at org.springframework.aop.framework.ReflectiveMethodInvocation.proceed(ReflectiveMethodInvocation.java:179)
	at org.springframework.aop.framework.CglibAopProxy$DynamicAdvisedInterceptor.intercept(CglibAopProxy.java:719)
	at com.jsp.tasteloop.order_module.service.impl.OrderServiceImpl$$SpringCGLIB$$0.order(<generated>)
	at com.jsp.tasteloop.order_module.controller.OrderController.placeOrder(OrderController.java:26)
	at java.base/jdk.internal.reflect.DirectMethodHandleAccessor.invoke(DirectMethodHandleAccessor.java:103)
	at java.base/java.lang.reflect.Method.invoke(Method.java:580)
	at org.springframework.web.method.support.InvocableHandlerMethod.doInvoke(InvocableHandlerMethod.java:252)
	at org.springframework.web.method.support.InvocableHandlerMethod.invokeForRequest(InvocableHandlerMethod.java:184)
	at org.springframework.web.servlet.mvc.method.annotation.ServletInvocableHandlerMethod.invokeAndHandle(ServletInvocableHandlerMethod.java:117)
	at org.springframework.web.servlet.mvc.method.annotation.RequestMappingHandlerAdapter.invokeHandlerMethod(RequestMappingHandlerAdapter.java:934)
	at org.springframework.web.servlet.mvc.method.annotation.RequestMappingHandlerAdapter.handleInternal(RequestMappingHandlerAdapter.java:853)
	at org.springframework.web.servlet.mvc.method.AbstractHandlerMethodAdapter.handle(AbstractHandlerMethodAdapter.java:86)
	at org.springframework.web.servlet.DispatcherServlet.doDispatch(DispatcherServlet.java:963)
	at org.springframework.web.servlet.DispatcherServlet.doService(DispatcherServlet.java:866)
	at org.springframework.web.servlet.FrameworkServlet.processRequest(FrameworkServlet.java:1000)
	at org.springframework.web.servlet.FrameworkServlet.doPost(FrameworkServlet.java:903)
	at jakarta.servlet.http.HttpServlet.service(HttpServlet.java:649)
	at org.springframework.web.servlet.FrameworkServlet.service(FrameworkServlet.java:874)
	at jakarta.servlet.http.HttpServlet.service(HttpServlet.java:710)
	at org.apache.catalina.core.ApplicationFilterChain.doFilter(ApplicationFilterChain.java:128)
	at org.apache.tomcat.websocket.server.WsFilter.doFilter(WsFilter.java:53)
	at org.apache.catalina.core.ApplicationFilterChain.doFilter(ApplicationFilterChain.java:107)
	at org.springframework.web.filter.CompositeFilter$VirtualFilterChain.doFilter(CompositeFilter.java:108)
	at org.springframework.security.web.FilterChainProxy.lambda$doFilterInternal$3(FilterChainProxy.java:235)
	at org.springframework.security.web.FilterChainProxy$VirtualFilterChain.doFilter(FilterChainProxy.java:376)
	at org.springframework.security.web.access.intercept.AuthorizationFilter.doFilter(AuthorizationFilter.java:101)
	at org.springframework.security.web.FilterChainProxy$VirtualFilterChain.doFilter(FilterChainProxy.java:385)
	at org.springframework.security.web.access.ExceptionTranslationFilter.doFilter(ExceptionTranslationFilter.java:126)
	at org.springframework.security.web.access.ExceptionTranslationFilter.doFilter(ExceptionTranslationFilter.java:120)
	at org.springframework.security.web.FilterChainProxy$VirtualFilterChain.doFilter(FilterChainProxy.java:385)
	at org.springframework.security.web.authentication.AnonymousAuthenticationFilter.doFilter(AnonymousAuthenticationFilter.java:100)
	at org.springframework.security.web.FilterChainProxy$VirtualFilterChain.doFilter(FilterChainProxy.java:385)
	at org.springframework.security.web.servletapi.SecurityContextHolderAwareRequestFilter.doFilter(SecurityContextHolderAwareRequestFilter.java:181)
	at org.springframework.security.web.FilterChainProxy$VirtualFilterChain.doFilter(FilterChainProxy.java:385)
	at org.springframework.security.web.savedrequest.RequestCacheAwareFilter.doFilter(RequestCacheAwareFilter.java:63)
	at org.springframework.security.web.FilterChainProxy$VirtualFilterChain.doFilter(FilterChainProxy.java:385)
	at org.springframework.security.web.authentication.logout.LogoutFilter.doFilter(LogoutFilter.java:110)
	at org.springframework.security.web.authentication.logout.LogoutFilter.doFilter(LogoutFilter.java:96)
	at org.springframework.security.web.FilterChainProxy$VirtualFilterChain.doFilter(FilterChainProxy.java:385)
	at org.springframework.security.web.header.HeaderWriterFilter.doHeadersAfter(HeaderWriterFilter.java:90)
	at org.springframework.security.web.header.HeaderWriterFilter.doFilterInternal(HeaderWriterFilter.java:75)
	at org.springframework.web.filter.OncePerRequestFilter.doFilter(OncePerRequestFilter.java:116)
	at org.springframework.security.web.FilterChainProxy$VirtualFilterChain.doFilter(FilterChainProxy.java:385)
	at org.springframework.security.web.context.SecurityContextHolderFilter.doFilter(SecurityContextHolderFilter.java:82)
	at org.springframework.security.web.context.SecurityContextHolderFilter.doFilter(SecurityContextHolderFilter.java:69)
	at org.springframework.security.web.FilterChainProxy$VirtualFilterChain.doFilter(FilterChainProxy.java:385)
	at org.springframework.security.web.context.request.async.WebAsyncManagerIntegrationFilter.doFilterInternal(WebAsyncManagerIntegrationFilter.java:62)
	at org.springframework.web.filter.OncePerRequestFilter.doFilter(OncePerRequestFilter.java:116)
	at org.springframework.security.web.FilterChainProxy$VirtualFilterChain.doFilter(FilterChainProxy.java:385)
	at org.springframework.security.web.session.DisableEncodeUrlFilter.doFilterInternal(DisableEncodeUrlFilter.java:42)
	at org.springframework.web.filter.OncePerRequestFilter.doFilter(OncePerRequestFilter.java:116)
	at org.springframework.security.web.FilterChainProxy$VirtualFilterChain.doFilter(FilterChainProxy.java:385)
	at org.springframework.security.web.FilterChainProxy.doFilterInternal(FilterChainProxy.java:237)
	at org.springframework.security.web.FilterChainProxy.doFilter(FilterChainProxy.java:195)
	at org.springframework.web.filter.CompositeFilter$VirtualFilterChain.doFilter(CompositeFilter.java:113)
	at org.springframework.web.filter.ServletRequestPathFilter.doFilter(ServletRequestPathFilter.java:52)
	at org.springframework.web.filter.CompositeFilter$VirtualFilterChain.doFilter(CompositeFilter.java:113)
	at org.springframework.web.filter.CompositeFilter.doFilter(CompositeFilter.java:74)
	at org.springframework.security.config.annotation.web.configuration.WebSecurityConfiguration$CompositeFilterChainProxy.doFilter(WebSecurityConfiguration.java:317)
	at org.springframework.web.filter.DelegatingFilterProxy.invokeDelegate(DelegatingFilterProxy.java:355)
	at org.springframework.web.filter.DelegatingFilterProxy.doFilter(DelegatingFilterProxy.java:272)
	at org.apache.catalina.core.ApplicationFilterChain.doFilter(ApplicationFilterChain.java:107)
	at org.springframework.web.filter.RequestContextFilter.doFilterInternal(RequestContextFilter.java:100)
	at org.springframework.web.filter.OncePerRequestFilter.doFilter(OncePerRequestFilter.java:116)
	at org.apache.catalina.core.ApplicationFilterChain.doFilter(ApplicationFilterChain.java:107)
	at org.springframework.web.filter.FormContentFilter.doFilterInternal(FormContentFilter.java:93)
	at org.springframework.web.filter.OncePerRequestFilter.doFilter(OncePerRequestFilter.java:116)
	at org.apache.catalina.core.ApplicationFilterChain.doFilter(ApplicationFilterChain.java:107)
	at org.springframework.web.filter.CharacterEncodingFilter.doFilterInternal(CharacterEncodingFilter.java:199)
	at org.springframework.web.filter.OncePerRequestFilter.doFilter(OncePerRequestFilter.java:116)
	at org.apache.catalina.core.ApplicationFilterChain.doFilter(ApplicationFilterChain.java:107)
	at org.apache.catalina.core.StandardWrapperValve.invoke(StandardWrapperValve.java:165)
	at org.apache.catalina.core.StandardContextValve.invoke(StandardContextValve.java:77)
	at org.apache.catalina.authenticator.AuthenticatorBase.invoke(AuthenticatorBase.java:492)
	at org.apache.catalina.core.StandardHostValve.invoke(StandardHostValve.java:113)
	at org.apache.catalina.valves.ErrorReportValve.invoke(ErrorReportValve.java:83)
	at org.apache.catalina.core.StandardEngineValve.invoke(StandardEngineValve.java:72)
	at org.apache.catalina.connector.CoyoteAdapter.service(CoyoteAdapter.java:341)
	at org.apache.coyote.http11.Http11Processor.service(Http11Processor.java:397)
	at org.apache.coyote.AbstractProcessorLight.process(AbstractProcessorLight.java:63)
	at org.apache.coyote.AbstractProtocol$ConnectionHandler.process(AbstractProtocol.java:903)
	at org.apache.tomcat.util.net.NioEndpoint$SocketProcessor.doRun(NioEndpoint.java:1801)
	at org.apache.tomcat.util.net.SocketProcessorBase.run(SocketProcessorBase.java:52)
	at org.apache.tomcat.util.threads.ThreadPoolExecutor.runWorker(ThreadPoolExecutor.java:946)
	at org.apache.tomcat.util.threads.ThreadPoolExecutor$Worker.run(ThreadPoolExecutor.java:480)
	at org.apache.tomcat.util.threads.TaskThread$WrappingRunnable.run(TaskThread.java:57)
	at java.base/java.lang.Thread.run(Thread.java:1570)
2026-06-12 17:35:33 [http-nio-8080-exec-7] DEBUG org.hibernate.SQL - 
    select
        u1_0.id,
        u1_0.active,
        u1_0.email,
        u1_0.name,
        u1_0.password,
        u1_0.phone,
        r1_0.restaurant_id,
        r1_0.address,
        r1_0.image,
        r1_0.phone,
        r1_0.pincode,
        r1_0.restaurant_name,
        u1_0.role 
    from
        users u1_0 
    left join
        restaurant r1_0 
            on u1_0.id=r1_0.manager_id 
    where
        u1_0.id=?
2026-06-12 17:35:33 [http-nio-8080-exec-7] DEBUG org.hibernate.SQL - 
    /* SELECT
        c 
    FROM
        Cart c 
    WHERE
        c.user = :user */ select
            c1_0.cart_id,
            c1_0.total_price,
            c1_0.user_id 
        from
            cart c1_0 
        where
            c1_0.user_id=?
2026-06-12 17:35:33 [http-nio-8080-exec-7] DEBUG org.hibernate.SQL - 
    select
        i1_0.cart_id,
        i1_0.cart_item_id,
        i1_0.category,
        i1_0.description,
        i1_0.food_item_id,
        i1_0.food_name,
        i1_0.image_url,
        i1_0.price,
        i1_0.quantity 
    from
        cart_item i1_0 
    where
        i1_0.cart_id=?
2026-06-12 17:35:33 [http-nio-8080-exec-7] DEBUG org.hibernate.SQL - 
    select
        fi1_0.id,
        fi1_0.category,
        fi1_0.description,
        fi1_0.name,
        fi1_0.price,
        r1_0.restaurant_id,
        r1_0.address,
        r1_0.image,
        m1_0.id,
        m1_0.active,
        m1_0.email,
        m1_0.name,
        m1_0.password,
        m1_0.phone,
        m1_0.role,
        r1_0.phone,
        r1_0.pincode,
        r1_0.restaurant_name,
        fi1_0.stock,
        fi1_0.stock_available 
    from
        food_item fi1_0 
    left join
        restaurant r1_0 
            on r1_0.restaurant_id=fi1_0.restaurant_id 
    left join
        users m1_0 
            on m1_0.id=r1_0.manager_id 
    where
        fi1_0.id=?
2026-06-12 17:35:33 [http-nio-8080-exec-7] DEBUG org.hibernate.SQL - 
    select
        fi1_0.id,
        fi1_0.category,
        fi1_0.description,
        fi1_0.name,
        fi1_0.price,
        r1_0.restaurant_id,
        r1_0.address,
        r1_0.image,
        m1_0.id,
        m1_0.active,
        m1_0.email,
        m1_0.name,
        m1_0.password,
        m1_0.phone,
        m1_0.role,
        r1_0.phone,
        r1_0.pincode,
        r1_0.restaurant_name,
        fi1_0.stock,
        fi1_0.stock_available 
    from
        food_item fi1_0 
    left join
        restaurant r1_0 
            on r1_0.restaurant_id=fi1_0.restaurant_id 
    left join
        users m1_0 
            on m1_0.id=r1_0.manager_id 
    where
        fi1_0.id=?
2026-06-12 17:35:33 [http-nio-8080-exec-7] DEBUG org.hibernate.SQL - 
    select
        fi1_0.id,
        fi1_0.category,
        fi1_0.description,
        fi1_0.name,
        fi1_0.price,
        r1_0.restaurant_id,
        r1_0.address,
        r1_0.image,
        m1_0.id,
        m1_0.active,
        m1_0.email,
        m1_0.name,
        m1_0.password,
        m1_0.phone,
        m1_0.role,
        r1_0.phone,
        r1_0.pincode,
        r1_0.restaurant_name,
        fi1_0.stock,
        fi1_0.stock_available 
    from
        food_item fi1_0 
    left join
        restaurant r1_0 
            on r1_0.restaurant_id=fi1_0.restaurant_id 
    left join
        users m1_0 
            on m1_0.id=r1_0.manager_id 
    where
        fi1_0.id=?
2026-06-12 17:35:33 [http-nio-8080-exec-7] DEBUG org.hibernate.SQL - 
    /* insert 
    for
        com.jsp.tasteloop.order_module.model.Order
        */insert 
    into
        orders (order_status, payment_id, total_amount, user_id) 
    values
        (?, ?, ?, ?)
2026-06-12 17:35:33 [http-nio-8080-exec-7] DEBUG org.hibernate.SQL - 
    /* insert 
    for
        com.jsp.tasteloop.order_module.model.OrderItem
        */insert 
    into
        order_item (food_item_id, order_id, price, quantity) 
    values
        (?, ?, ?, ?)
2026-06-12 17:35:33 [http-nio-8080-exec-7] DEBUG org.hibernate.SQL - 
    /* insert 
    for
        com.jsp.tasteloop.order_module.model.OrderItem
        */insert 
    into
        order_item (food_item_id, order_id, price, quantity) 
    values
        (?, ?, ?, ?)
2026-06-12 17:35:33 [http-nio-8080-exec-7] DEBUG org.hibernate.SQL - 
    /* insert 
    for
        com.jsp.tasteloop.order_module.model.OrderItem
        */insert 
    into
        order_item (food_item_id, order_id, price, quantity) 
    values
        (?, ?, ?, ?)
2026-06-12 17:35:33 [http-nio-8080-exec-7] DEBUG org.hibernate.SQL - 
    /* update
        
    for
        com.jsp.tasteloop.cart_module.model.Cart */update cart 
    set
        total_price=?,
        user_id=? 
    where
        cart_id=?
2026-06-12 17:35:33 [http-nio-8080-exec-7] DEBUG org.hibernate.SQL - 
    /* update
        
    for
        com.jsp.tasteloop.restaurant_module.model.FoodItem */update food_item 
    set
        category=?,
        description=?,
        name=?,
        price=?,
        restaurant_id=?,
        stock=?,
        stock_available=? 
    where
        id=?
2026-06-12 17:35:33 [http-nio-8080-exec-7] DEBUG org.hibernate.SQL - 
    /* update
        
    for
        com.jsp.tasteloop.restaurant_module.model.FoodItem */update food_item 
    set
        category=?,
        description=?,
        name=?,
        price=?,
        restaurant_id=?,
        stock=?,
        stock_available=? 
    where
        id=?
2026-06-12 17:35:33 [http-nio-8080-exec-7] DEBUG org.hibernate.SQL - 
    /* update
        
    for
        com.jsp.tasteloop.restaurant_module.model.FoodItem */update food_item 
    set
        category=?,
        description=?,
        name=?,
        price=?,
        restaurant_id=?,
        stock=?,
        stock_available=? 
    where
        id=?
2026-06-12 17:35:33 [http-nio-8080-exec-7] DEBUG org.hibernate.SQL - 
    /* delete 
    for
        com.jsp.tasteloop.cart_module.model.CartItem */delete 
    from
        cart_item 
    where
        cart_item_id=?
2026-06-12 17:35:33 [http-nio-8080-exec-7] DEBUG org.hibernate.SQL - 
    /* delete 
    for
        com.jsp.tasteloop.cart_module.model.CartItem */delete 
    from
        cart_item 
    where
        cart_item_id=?
2026-06-12 17:35:33 [http-nio-8080-exec-7] DEBUG org.hibernate.SQL - 
    /* delete 
    for
        com.jsp.tasteloop.cart_module.model.CartItem */delete 
    from
        cart_item 
    where
        cart_item_id=?
2026-06-12 17:35:37 [http-nio-8080-exec-8] DEBUG org.hibernate.SQL - 
    select
        u1_0.id,
        u1_0.active,
        u1_0.email,
        u1_0.name,
        u1_0.password,
        u1_0.phone,
        r1_0.restaurant_id,
        r1_0.address,
        r1_0.image,
        r1_0.phone,
        r1_0.pincode,
        r1_0.restaurant_name,
        u1_0.role 
    from
        users u1_0 
    left join
        restaurant r1_0 
            on u1_0.id=r1_0.manager_id 
    where
        u1_0.id=?
2026-06-12 17:35:37 [http-nio-8080-exec-8] DEBUG org.hibernate.SQL - 
    /* SELECT
        c 
    FROM
        Cart c 
    WHERE
        c.user = :user */ select
            c1_0.cart_id,
            c1_0.total_price,
            c1_0.user_id 
        from
            cart c1_0 
        where
            c1_0.user_id=?
2026-06-12 17:35:37 [http-nio-8080-exec-8] DEBUG org.hibernate.SQL - 
    select
        i1_0.cart_id,
        i1_0.cart_item_id,
        i1_0.category,
        i1_0.description,
        i1_0.food_item_id,
        i1_0.food_name,
        i1_0.image_url,
        i1_0.price,
        i1_0.quantity 
    from
        cart_item i1_0 
    where
        i1_0.cart_id=?
2026-06-12 17:35:37 [http-nio-8080-exec-8] ERROR o.a.c.c.C.[.[.[.[dispatcherServlet] - Servlet.service() for servlet [dispatcherServlet] in context with path [] threw exception [Request processing failed: java.lang.RuntimeException: Cart is empty] with root cause
java.lang.RuntimeException: Cart is empty
	at com.jsp.tasteloop.order_module.service.impl.OrderServiceImpl.order(OrderServiceImpl.java:40)
	at java.base/jdk.internal.reflect.DirectMethodHandleAccessor.invoke(DirectMethodHandleAccessor.java:103)
	at java.base/java.lang.reflect.Method.invoke(Method.java:580)
	at org.springframework.aop.support.AopUtils.invokeJoinpointUsingReflection(AopUtils.java:359)
	at org.springframework.aop.framework.ReflectiveMethodInvocation.invokeJoinpoint(ReflectiveMethodInvocation.java:190)
	at org.springframework.aop.framework.ReflectiveMethodInvocation.proceed(ReflectiveMethodInvocation.java:158)
	at org.springframework.transaction.interceptor.TransactionInterceptor$1.proceedWithInvocation(TransactionInterceptor.java:133)
	at org.springframework.transaction.interceptor.TransactionAspectSupport.invokeWithinTransaction(TransactionAspectSupport.java:371)
	at org.springframework.transaction.interceptor.TransactionInterceptor.invoke(TransactionInterceptor.java:130)
	at org.springframework.aop.framework.ReflectiveMethodInvocation.proceed(ReflectiveMethodInvocation.java:179)
	at org.springframework.aop.framework.CglibAopProxy$DynamicAdvisedInterceptor.intercept(CglibAopProxy.java:719)
	at com.jsp.tasteloop.order_module.service.impl.OrderServiceImpl$$SpringCGLIB$$0.order(<generated>)
	at com.jsp.tasteloop.order_module.controller.OrderController.placeOrder(OrderController.java:26)
	at java.base/jdk.internal.reflect.DirectMethodHandleAccessor.invoke(DirectMethodHandleAccessor.java:103)
	at java.base/java.lang.reflect.Method.invoke(Method.java:580)
	at org.springframework.web.method.support.InvocableHandlerMethod.doInvoke(InvocableHandlerMethod.java:252)
	at org.springframework.web.method.support.InvocableHandlerMethod.invokeForRequest(InvocableHandlerMethod.java:184)
	at org.springframework.web.servlet.mvc.method.annotation.ServletInvocableHandlerMethod.invokeAndHandle(ServletInvocableHandlerMethod.java:117)
	at org.springframework.web.servlet.mvc.method.annotation.RequestMappingHandlerAdapter.invokeHandlerMethod(RequestMappingHandlerAdapter.java:934)
	at org.springframework.web.servlet.mvc.method.annotation.RequestMappingHandlerAdapter.handleInternal(RequestMappingHandlerAdapter.java:853)
	at org.springframework.web.servlet.mvc.method.AbstractHandlerMethodAdapter.handle(AbstractHandlerMethodAdapter.java:86)
	at org.springframework.web.servlet.DispatcherServlet.doDispatch(DispatcherServlet.java:963)
	at org.springframework.web.servlet.DispatcherServlet.doService(DispatcherServlet.java:866)
	at org.springframework.web.servlet.FrameworkServlet.processRequest(FrameworkServlet.java:1000)
	at org.springframework.web.servlet.FrameworkServlet.doPost(FrameworkServlet.java:903)
	at jakarta.servlet.http.HttpServlet.service(HttpServlet.java:649)
	at org.springframework.web.servlet.FrameworkServlet.service(FrameworkServlet.java:874)
	at jakarta.servlet.http.HttpServlet.service(HttpServlet.java:710)
	at org.apache.catalina.core.ApplicationFilterChain.doFilter(ApplicationFilterChain.java:128)
	at org.apache.tomcat.websocket.server.WsFilter.doFilter(WsFilter.java:53)
	at org.apache.catalina.core.ApplicationFilterChain.doFilter(ApplicationFilterChain.java:107)
	at org.springframework.web.filter.CompositeFilter$VirtualFilterChain.doFilter(CompositeFilter.java:108)
	at org.springframework.security.web.FilterChainProxy.lambda$doFilterInternal$3(FilterChainProxy.java:235)
	at org.springframework.security.web.FilterChainProxy$VirtualFilterChain.doFilter(FilterChainProxy.java:376)
	at org.springframework.security.web.access.intercept.AuthorizationFilter.doFilter(AuthorizationFilter.java:101)
	at org.springframework.security.web.FilterChainProxy$VirtualFilterChain.doFilter(FilterChainProxy.java:385)
	at org.springframework.security.web.access.ExceptionTranslationFilter.doFilter(ExceptionTranslationFilter.java:126)
	at org.springframework.security.web.access.ExceptionTranslationFilter.doFilter(ExceptionTranslationFilter.java:120)
	at org.springframework.security.web.FilterChainProxy$VirtualFilterChain.doFilter(FilterChainProxy.java:385)
	at org.springframework.security.web.authentication.AnonymousAuthenticationFilter.doFilter(AnonymousAuthenticationFilter.java:100)
	at org.springframework.security.web.FilterChainProxy$VirtualFilterChain.doFilter(FilterChainProxy.java:385)
	at org.springframework.security.web.servletapi.SecurityContextHolderAwareRequestFilter.doFilter(SecurityContextHolderAwareRequestFilter.java:181)
	at org.springframework.security.web.FilterChainProxy$VirtualFilterChain.doFilter(FilterChainProxy.java:385)
	at org.springframework.security.web.savedrequest.RequestCacheAwareFilter.doFilter(RequestCacheAwareFilter.java:63)
	at org.springframework.security.web.FilterChainProxy$VirtualFilterChain.doFilter(FilterChainProxy.java:385)
	at org.springframework.security.web.authentication.logout.LogoutFilter.doFilter(LogoutFilter.java:110)
	at org.springframework.security.web.authentication.logout.LogoutFilter.doFilter(LogoutFilter.java:96)
	at org.springframework.security.web.FilterChainProxy$VirtualFilterChain.doFilter(FilterChainProxy.java:385)
	at org.springframework.security.web.header.HeaderWriterFilter.doHeadersAfter(HeaderWriterFilter.java:90)
	at org.springframework.security.web.header.HeaderWriterFilter.doFilterInternal(HeaderWriterFilter.java:75)
	at org.springframework.web.filter.OncePerRequestFilter.doFilter(OncePerRequestFilter.java:116)
	at org.springframework.security.web.FilterChainProxy$VirtualFilterChain.doFilter(FilterChainProxy.java:385)
	at org.springframework.security.web.context.SecurityContextHolderFilter.doFilter(SecurityContextHolderFilter.java:82)
	at org.springframework.security.web.context.SecurityContextHolderFilter.doFilter(SecurityContextHolderFilter.java:69)
	at org.springframework.security.web.FilterChainProxy$VirtualFilterChain.doFilter(FilterChainProxy.java:385)
	at org.springframework.security.web.context.request.async.WebAsyncManagerIntegrationFilter.doFilterInternal(WebAsyncManagerIntegrationFilter.java:62)
	at org.springframework.web.filter.OncePerRequestFilter.doFilter(OncePerRequestFilter.java:116)
	at org.springframework.security.web.FilterChainProxy$VirtualFilterChain.doFilter(FilterChainProxy.java:385)
	at org.springframework.security.web.session.DisableEncodeUrlFilter.doFilterInternal(DisableEncodeUrlFilter.java:42)
	at org.springframework.web.filter.OncePerRequestFilter.doFilter(OncePerRequestFilter.java:116)
	at org.springframework.security.web.FilterChainProxy$VirtualFilterChain.doFilter(FilterChainProxy.java:385)
	at org.springframework.security.web.FilterChainProxy.doFilterInternal(FilterChainProxy.java:237)
	at org.springframework.security.web.FilterChainProxy.doFilter(FilterChainProxy.java:195)
	at org.springframework.web.filter.CompositeFilter$VirtualFilterChain.doFilter(CompositeFilter.java:113)
	at org.springframework.web.filter.ServletRequestPathFilter.doFilter(ServletRequestPathFilter.java:52)
	at org.springframework.web.filter.CompositeFilter$VirtualFilterChain.doFilter(CompositeFilter.java:113)
	at org.springframework.web.filter.CompositeFilter.doFilter(CompositeFilter.java:74)
	at org.springframework.security.config.annotation.web.configuration.WebSecurityConfiguration$CompositeFilterChainProxy.doFilter(WebSecurityConfiguration.java:317)
	at org.springframework.web.filter.DelegatingFilterProxy.invokeDelegate(DelegatingFilterProxy.java:355)
	at org.springframework.web.filter.DelegatingFilterProxy.doFilter(DelegatingFilterProxy.java:272)
	at org.apache.catalina.core.ApplicationFilterChain.doFilter(ApplicationFilterChain.java:107)
	at org.springframework.web.filter.RequestContextFilter.doFilterInternal(RequestContextFilter.java:100)
	at org.springframework.web.filter.OncePerRequestFilter.doFilter(OncePerRequestFilter.java:116)
	at org.apache.catalina.core.ApplicationFilterChain.doFilter(ApplicationFilterChain.java:107)
	at org.springframework.web.filter.FormContentFilter.doFilterInternal(FormContentFilter.java:93)
	at org.springframework.web.filter.OncePerRequestFilter.doFilter(OncePerRequestFilter.java:116)
	at org.apache.catalina.core.ApplicationFilterChain.doFilter(ApplicationFilterChain.java:107)
	at org.springframework.web.filter.CharacterEncodingFilter.doFilterInternal(CharacterEncodingFilter.java:199)
	at org.springframework.web.filter.OncePerRequestFilter.doFilter(OncePerRequestFilter.java:116)
	at org.apache.catalina.core.ApplicationFilterChain.doFilter(ApplicationFilterChain.java:107)
	at org.apache.catalina.core.StandardWrapperValve.invoke(StandardWrapperValve.java:165)
	at org.apache.catalina.core.StandardContextValve.invoke(StandardContextValve.java:77)
	at org.apache.catalina.authenticator.AuthenticatorBase.invoke(AuthenticatorBase.java:492)
	at org.apache.catalina.core.StandardHostValve.invoke(StandardHostValve.java:113)
	at org.apache.catalina.valves.ErrorReportValve.invoke(ErrorReportValve.java:83)
	at org.apache.catalina.core.StandardEngineValve.invoke(StandardEngineValve.java:72)
	at org.apache.catalina.connector.CoyoteAdapter.service(CoyoteAdapter.java:341)
	at org.apache.coyote.http11.Http11Processor.service(Http11Processor.java:397)
	at org.apache.coyote.AbstractProcessorLight.process(AbstractProcessorLight.java:63)
	at org.apache.coyote.AbstractProtocol$ConnectionHandler.process(AbstractProtocol.java:903)
	at org.apache.tomcat.util.net.NioEndpoint$SocketProcessor.doRun(NioEndpoint.java:1801)
	at org.apache.tomcat.util.net.SocketProcessorBase.run(SocketProcessorBase.java:52)
	at org.apache.tomcat.util.threads.ThreadPoolExecutor.runWorker(ThreadPoolExecutor.java:946)
	at org.apache.tomcat.util.threads.ThreadPoolExecutor$Worker.run(ThreadPoolExecutor.java:480)
	at org.apache.tomcat.util.threads.TaskThread$WrappingRunnable.run(TaskThread.java:57)
	at java.base/java.lang.Thread.run(Thread.java:1570)
2026-06-12 17:37:27 [http-nio-8080-exec-2] DEBUG org.hibernate.SQL - 
    select
        u1_0.id,
        u1_0.active,
        u1_0.email,
        u1_0.name,
        u1_0.password,
        u1_0.phone,
        r1_0.restaurant_id,
        r1_0.address,
        r1_0.image,
        r1_0.phone,
        r1_0.pincode,
        r1_0.restaurant_name,
        u1_0.role 
    from
        users u1_0 
    left join
        restaurant r1_0 
            on u1_0.id=r1_0.manager_id 
    where
        u1_0.id=?
2026-06-12 17:37:27 [http-nio-8080-exec-2] DEBUG org.hibernate.SQL - 
    /* SELECT
        c 
    FROM
        Cart c 
    WHERE
        c.user = :user */ select
            c1_0.cart_id,
            c1_0.total_price,
            c1_0.user_id 
        from
            cart c1_0 
        where
            c1_0.user_id=?
2026-06-12 17:37:27 [http-nio-8080-exec-2] DEBUG org.hibernate.SQL - 
    select
        i1_0.cart_id,
        i1_0.cart_item_id,
        i1_0.category,
        i1_0.description,
        i1_0.food_item_id,
        i1_0.food_name,
        i1_0.image_url,
        i1_0.price,
        i1_0.quantity 
    from
        cart_item i1_0 
    where
        i1_0.cart_id=?
2026-06-12 17:37:27 [http-nio-8080-exec-2] DEBUG org.hibernate.SQL - 
    select
        fi1_0.id,
        fi1_0.category,
        fi1_0.description,
        fi1_0.name,
        fi1_0.price,
        r1_0.restaurant_id,
        r1_0.address,
        r1_0.image,
        m1_0.id,
        m1_0.active,
        m1_0.email,
        m1_0.name,
        m1_0.password,
        m1_0.phone,
        m1_0.role,
        r1_0.phone,
        r1_0.pincode,
        r1_0.restaurant_name,
        fi1_0.stock,
        fi1_0.stock_available 
    from
        food_item fi1_0 
    left join
        restaurant r1_0 
            on r1_0.restaurant_id=fi1_0.restaurant_id 
    left join
        users m1_0 
            on m1_0.id=r1_0.manager_id 
    where
        fi1_0.id=?
2026-06-12 17:37:27 [http-nio-8080-exec-2] DEBUG org.hibernate.SQL - 
    select
        fi1_0.id,
        fi1_0.category,
        fi1_0.description,
        fi1_0.name,
        fi1_0.price,
        r1_0.restaurant_id,
        r1_0.address,
        r1_0.image,
        m1_0.id,
        m1_0.active,
        m1_0.email,
        m1_0.name,
        m1_0.password,
        m1_0.phone,
        m1_0.role,
        r1_0.phone,
        r1_0.pincode,
        r1_0.restaurant_name,
        fi1_0.stock,
        fi1_0.stock_available 
    from
        food_item fi1_0 
    left join
        restaurant r1_0 
            on r1_0.restaurant_id=fi1_0.restaurant_id 
    left join
        users m1_0 
            on m1_0.id=r1_0.manager_id 
    where
        fi1_0.id=?
2026-06-12 17:37:27 [http-nio-8080-exec-2] DEBUG org.hibernate.SQL - 
    select
        fi1_0.id,
        fi1_0.category,
        fi1_0.description,
        fi1_0.name,
        fi1_0.price,
        r1_0.restaurant_id,
        r1_0.address,
        r1_0.image,
        m1_0.id,
        m1_0.active,
        m1_0.email,
        m1_0.name,
        m1_0.password,
        m1_0.phone,
        m1_0.role,
        r1_0.phone,
        r1_0.pincode,
        r1_0.restaurant_name,
        fi1_0.stock,
        fi1_0.stock_available 
    from
        food_item fi1_0 
    left join
        restaurant r1_0 
            on r1_0.restaurant_id=fi1_0.restaurant_id 
    left join
        users m1_0 
            on m1_0.id=r1_0.manager_id 
    where
        fi1_0.id=?
2026-06-12 17:37:27 [http-nio-8080-exec-2] DEBUG org.hibernate.SQL - 
    /* insert 
    for
        com.jsp.tasteloop.order_module.model.Order
        */insert 
    into
        orders (order_status, payment_id, total_amount, user_id) 
    values
        (?, ?, ?, ?)
2026-06-12 17:37:27 [http-nio-8080-exec-2] DEBUG org.hibernate.SQL - 
    /* insert 
    for
        com.jsp.tasteloop.order_module.model.OrderItem
        */insert 
    into
        order_item (food_item_id, order_id, price, quantity) 
    values
        (?, ?, ?, ?)
2026-06-12 17:37:27 [http-nio-8080-exec-2] DEBUG org.hibernate.SQL - 
    /* insert 
    for
        com.jsp.tasteloop.order_module.model.OrderItem
        */insert 
    into
        order_item (food_item_id, order_id, price, quantity) 
    values
        (?, ?, ?, ?)
2026-06-12 17:37:27 [http-nio-8080-exec-2] DEBUG org.hibernate.SQL - 
    /* insert 
    for
        com.jsp.tasteloop.order_module.model.OrderItem
        */insert 
    into
        order_item (food_item_id, order_id, price, quantity) 
    values
        (?, ?, ?, ?)
2026-06-12 17:37:27 [http-nio-8080-exec-2] DEBUG org.hibernate.SQL - 
    /* update
        
    for
        com.jsp.tasteloop.cart_module.model.Cart */update cart 
    set
        total_price=?,
        user_id=? 
    where
        cart_id=?
2026-06-12 17:37:27 [http-nio-8080-exec-2] DEBUG org.hibernate.SQL - 
    /* update
        
    for
        com.jsp.tasteloop.restaurant_module.model.FoodItem */update food_item 
    set
        category=?,
        description=?,
        name=?,
        price=?,
        restaurant_id=?,
        stock=?,
        stock_available=? 
    where
        id=?
2026-06-12 17:37:27 [http-nio-8080-exec-2] DEBUG org.hibernate.SQL - 
    /* update
        
    for
        com.jsp.tasteloop.restaurant_module.model.FoodItem */update food_item 
    set
        category=?,
        description=?,
        name=?,
        price=?,
        restaurant_id=?,
        stock=?,
        stock_available=? 
    where
        id=?
2026-06-12 17:37:27 [http-nio-8080-exec-2] DEBUG org.hibernate.SQL - 
    /* update
        
    for
        com.jsp.tasteloop.restaurant_module.model.FoodItem */update food_item 
    set
        category=?,
        description=?,
        name=?,
        price=?,
        restaurant_id=?,
        stock=?,
        stock_available=? 
    where
        id=?
2026-06-12 17:37:27 [http-nio-8080-exec-2] DEBUG org.hibernate.SQL - 
    /* delete 
    for
        com.jsp.tasteloop.cart_module.model.CartItem */delete 
    from
        cart_item 
    where
        cart_item_id=?
2026-06-12 17:37:27 [http-nio-8080-exec-2] DEBUG org.hibernate.SQL - 
    /* delete 
    for
        com.jsp.tasteloop.cart_module.model.CartItem */delete 
    from
        cart_item 
    where
        cart_item_id=?
2026-06-12 17:37:27 [http-nio-8080-exec-2] DEBUG org.hibernate.SQL - 
    /* delete 
    for
        com.jsp.tasteloop.cart_module.model.CartItem */delete 
    from
        cart_item 
    where
        cart_item_id=?
2026-06-12 17:38:00 [http-nio-8080-exec-3] DEBUG org.hibernate.SQL - 
    select
        u1_0.id,
        u1_0.active,
        u1_0.email,
        u1_0.name,
        u1_0.password,
        u1_0.phone,
        r1_0.restaurant_id,
        r1_0.address,
        r1_0.image,
        r1_0.phone,
        r1_0.pincode,
        r1_0.restaurant_name,
        u1_0.role 
    from
        users u1_0 
    left join
        restaurant r1_0 
            on u1_0.id=r1_0.manager_id 
    where
        u1_0.id=?
2026-06-12 17:38:00 [http-nio-8080-exec-3] DEBUG org.hibernate.SQL - 
    /* SELECT
        c 
    FROM
        Cart c 
    WHERE
        c.user = :user */ select
            c1_0.cart_id,
            c1_0.total_price,
            c1_0.user_id 
        from
            cart c1_0 
        where
            c1_0.user_id=?
2026-06-12 17:38:00 [http-nio-8080-exec-3] DEBUG org.hibernate.SQL - 
    select
        i1_0.cart_id,
        i1_0.cart_item_id,
        i1_0.category,
        i1_0.description,
        i1_0.food_item_id,
        i1_0.food_name,
        i1_0.image_url,
        i1_0.price,
        i1_0.quantity 
    from
        cart_item i1_0 
    where
        i1_0.cart_id=?
2026-06-12 17:38:00 [http-nio-8080-exec-3] ERROR o.a.c.c.C.[.[.[.[dispatcherServlet] - Servlet.service() for servlet [dispatcherServlet] in context with path [] threw exception [Request processing failed: java.lang.RuntimeException: Cart is empty] with root cause
java.lang.RuntimeException: Cart is empty
	at com.jsp.tasteloop.order_module.service.impl.OrderServiceImpl.order(OrderServiceImpl.java:40)
	at java.base/jdk.internal.reflect.DirectMethodHandleAccessor.invoke(DirectMethodHandleAccessor.java:103)
	at java.base/java.lang.reflect.Method.invoke(Method.java:580)
	at org.springframework.aop.support.AopUtils.invokeJoinpointUsingReflection(AopUtils.java:359)
	at org.springframework.aop.framework.ReflectiveMethodInvocation.invokeJoinpoint(ReflectiveMethodInvocation.java:190)
	at org.springframework.aop.framework.ReflectiveMethodInvocation.proceed(ReflectiveMethodInvocation.java:158)
	at org.springframework.transaction.interceptor.TransactionInterceptor$1.proceedWithInvocation(TransactionInterceptor.java:133)
	at org.springframework.transaction.interceptor.TransactionAspectSupport.invokeWithinTransaction(TransactionAspectSupport.java:371)
	at org.springframework.transaction.interceptor.TransactionInterceptor.invoke(TransactionInterceptor.java:130)
	at org.springframework.aop.framework.ReflectiveMethodInvocation.proceed(ReflectiveMethodInvocation.java:179)
	at org.springframework.aop.framework.CglibAopProxy$DynamicAdvisedInterceptor.intercept(CglibAopProxy.java:719)
	at com.jsp.tasteloop.order_module.service.impl.OrderServiceImpl$$SpringCGLIB$$0.order(<generated>)
	at com.jsp.tasteloop.order_module.controller.OrderController.placeOrder(OrderController.java:26)
	at java.base/jdk.internal.reflect.DirectMethodHandleAccessor.invoke(DirectMethodHandleAccessor.java:103)
	at java.base/java.lang.reflect.Method.invoke(Method.java:580)
	at org.springframework.web.method.support.InvocableHandlerMethod.doInvoke(InvocableHandlerMethod.java:252)
	at org.springframework.web.method.support.InvocableHandlerMethod.invokeForRequest(InvocableHandlerMethod.java:184)
	at org.springframework.web.servlet.mvc.method.annotation.ServletInvocableHandlerMethod.invokeAndHandle(ServletInvocableHandlerMethod.java:117)
	at org.springframework.web.servlet.mvc.method.annotation.RequestMappingHandlerAdapter.invokeHandlerMethod(RequestMappingHandlerAdapter.java:934)
	at org.springframework.web.servlet.mvc.method.annotation.RequestMappingHandlerAdapter.handleInternal(RequestMappingHandlerAdapter.java:853)
	at org.springframework.web.servlet.mvc.method.AbstractHandlerMethodAdapter.handle(AbstractHandlerMethodAdapter.java:86)
	at org.springframework.web.servlet.DispatcherServlet.doDispatch(DispatcherServlet.java:963)
	at org.springframework.web.servlet.DispatcherServlet.doService(DispatcherServlet.java:866)
	at org.springframework.web.servlet.FrameworkServlet.processRequest(FrameworkServlet.java:1000)
	at org.springframework.web.servlet.FrameworkServlet.doPost(FrameworkServlet.java:903)
	at jakarta.servlet.http.HttpServlet.service(HttpServlet.java:649)
	at org.springframework.web.servlet.FrameworkServlet.service(FrameworkServlet.java:874)
	at jakarta.servlet.http.HttpServlet.service(HttpServlet.java:710)
	at org.apache.catalina.core.ApplicationFilterChain.doFilter(ApplicationFilterChain.java:128)
	at org.apache.tomcat.websocket.server.WsFilter.doFilter(WsFilter.java:53)
	at org.apache.catalina.core.ApplicationFilterChain.doFilter(ApplicationFilterChain.java:107)
	at org.springframework.web.filter.CompositeFilter$VirtualFilterChain.doFilter(CompositeFilter.java:108)
	at org.springframework.security.web.FilterChainProxy.lambda$doFilterInternal$3(FilterChainProxy.java:235)
	at org.springframework.security.web.FilterChainProxy$VirtualFilterChain.doFilter(FilterChainProxy.java:376)
	at org.springframework.security.web.access.intercept.AuthorizationFilter.doFilter(AuthorizationFilter.java:101)
	at org.springframework.security.web.FilterChainProxy$VirtualFilterChain.doFilter(FilterChainProxy.java:385)
	at org.springframework.security.web.access.ExceptionTranslationFilter.doFilter(ExceptionTranslationFilter.java:126)
	at org.springframework.security.web.access.ExceptionTranslationFilter.doFilter(ExceptionTranslationFilter.java:120)
	at org.springframework.security.web.FilterChainProxy$VirtualFilterChain.doFilter(FilterChainProxy.java:385)
	at org.springframework.security.web.authentication.AnonymousAuthenticationFilter.doFilter(AnonymousAuthenticationFilter.java:100)
	at org.springframework.security.web.FilterChainProxy$VirtualFilterChain.doFilter(FilterChainProxy.java:385)
	at org.springframework.security.web.servletapi.SecurityContextHolderAwareRequestFilter.doFilter(SecurityContextHolderAwareRequestFilter.java:181)
	at org.springframework.security.web.FilterChainProxy$VirtualFilterChain.doFilter(FilterChainProxy.java:385)
	at org.springframework.security.web.savedrequest.RequestCacheAwareFilter.doFilter(RequestCacheAwareFilter.java:63)
	at org.springframework.security.web.FilterChainProxy$VirtualFilterChain.doFilter(FilterChainProxy.java:385)
	at org.springframework.security.web.authentication.logout.LogoutFilter.doFilter(LogoutFilter.java:110)
	at org.springframework.security.web.authentication.logout.LogoutFilter.doFilter(LogoutFilter.java:96)
	at org.springframework.security.web.FilterChainProxy$VirtualFilterChain.doFilter(FilterChainProxy.java:385)
	at org.springframework.security.web.header.HeaderWriterFilter.doHeadersAfter(HeaderWriterFilter.java:90)
	at org.springframework.security.web.header.HeaderWriterFilter.doFilterInternal(HeaderWriterFilter.java:75)
	at org.springframework.web.filter.OncePerRequestFilter.doFilter(OncePerRequestFilter.java:116)
	at org.springframework.security.web.FilterChainProxy$VirtualFilterChain.doFilter(FilterChainProxy.java:385)
	at org.springframework.security.web.context.SecurityContextHolderFilter.doFilter(SecurityContextHolderFilter.java:82)
	at org.springframework.security.web.context.SecurityContextHolderFilter.doFilter(SecurityContextHolderFilter.java:69)
	at org.springframework.security.web.FilterChainProxy$VirtualFilterChain.doFilter(FilterChainProxy.java:385)
	at org.springframework.security.web.context.request.async.WebAsyncManagerIntegrationFilter.doFilterInternal(WebAsyncManagerIntegrationFilter.java:62)
	at org.springframework.web.filter.OncePerRequestFilter.doFilter(OncePerRequestFilter.java:116)
	at org.springframework.security.web.FilterChainProxy$VirtualFilterChain.doFilter(FilterChainProxy.java:385)
	at org.springframework.security.web.session.DisableEncodeUrlFilter.doFilterInternal(DisableEncodeUrlFilter.java:42)
	at org.springframework.web.filter.OncePerRequestFilter.doFilter(OncePerRequestFilter.java:116)
	at org.springframework.security.web.FilterChainProxy$VirtualFilterChain.doFilter(FilterChainProxy.java:385)
	at org.springframework.security.web.FilterChainProxy.doFilterInternal(FilterChainProxy.java:237)
	at org.springframework.security.web.FilterChainProxy.doFilter(FilterChainProxy.java:195)
	at org.springframework.web.filter.CompositeFilter$VirtualFilterChain.doFilter(CompositeFilter.java:113)
	at org.springframework.web.filter.ServletRequestPathFilter.doFilter(ServletRequestPathFilter.java:52)
	at org.springframework.web.filter.CompositeFilter$VirtualFilterChain.doFilter(CompositeFilter.java:113)
	at org.springframework.web.filter.CompositeFilter.doFilter(CompositeFilter.java:74)
	at org.springframework.security.config.annotation.web.configuration.WebSecurityConfiguration$CompositeFilterChainProxy.doFilter(WebSecurityConfiguration.java:317)
	at org.springframework.web.filter.DelegatingFilterProxy.invokeDelegate(DelegatingFilterProxy.java:355)
	at org.springframework.web.filter.DelegatingFilterProxy.doFilter(DelegatingFilterProxy.java:272)
	at org.apache.catalina.core.ApplicationFilterChain.doFilter(ApplicationFilterChain.java:107)
	at org.springframework.web.filter.RequestContextFilter.doFilterInternal(RequestContextFilter.java:100)
	at org.springframework.web.filter.OncePerRequestFilter.doFilter(OncePerRequestFilter.java:116)
	at org.apache.catalina.core.ApplicationFilterChain.doFilter(ApplicationFilterChain.java:107)
	at org.springframework.web.filter.FormContentFilter.doFilterInternal(FormContentFilter.java:93)
	at org.springframework.web.filter.OncePerRequestFilter.doFilter(OncePerRequestFilter.java:116)
	at org.apache.catalina.core.ApplicationFilterChain.doFilter(ApplicationFilterChain.java:107)
	at org.springframework.web.filter.CharacterEncodingFilter.doFilterInternal(CharacterEncodingFilter.java:199)
	at org.springframework.web.filter.OncePerRequestFilter.doFilter(OncePerRequestFilter.java:116)
	at org.apache.catalina.core.ApplicationFilterChain.doFilter(ApplicationFilterChain.java:107)
	at org.apache.catalina.core.StandardWrapperValve.invoke(StandardWrapperValve.java:165)
	at org.apache.catalina.core.StandardContextValve.invoke(StandardContextValve.java:77)
	at org.apache.catalina.authenticator.AuthenticatorBase.invoke(AuthenticatorBase.java:492)
	at org.apache.catalina.core.StandardHostValve.invoke(StandardHostValve.java:113)
	at org.apache.catalina.valves.ErrorReportValve.invoke(ErrorReportValve.java:83)
	at org.apache.catalina.core.StandardEngineValve.invoke(StandardEngineValve.java:72)
	at org.apache.catalina.connector.CoyoteAdapter.service(CoyoteAdapter.java:341)
	at org.apache.coyote.http11.Http11Processor.service(Http11Processor.java:397)
	at org.apache.coyote.AbstractProcessorLight.process(AbstractProcessorLight.java:63)
	at org.apache.coyote.AbstractProtocol$ConnectionHandler.process(AbstractProtocol.java:903)
	at org.apache.tomcat.util.net.NioEndpoint$SocketProcessor.doRun(NioEndpoint.java:1801)
	at org.apache.tomcat.util.net.SocketProcessorBase.run(SocketProcessorBase.java:52)
	at org.apache.tomcat.util.threads.ThreadPoolExecutor.runWorker(ThreadPoolExecutor.java:946)
	at org.apache.tomcat.util.threads.ThreadPoolExecutor$Worker.run(ThreadPoolExecutor.java:480)
	at org.apache.tomcat.util.threads.TaskThread$WrappingRunnable.run(TaskThread.java:57)
	at java.base/java.lang.Thread.run(Thread.java:1570)
2026-06-12 17:41:24 [SpringApplicationShutdownHook] INFO  o.s.boot.tomcat.GracefulShutdown - Commencing graceful shutdown. Waiting for active requests to complete
2026-06-12 17:41:24 [tomcat-shutdown] INFO  o.s.boot.tomcat.GracefulShutdown - Graceful shutdown complete
2026-06-12 17:41:24 [SpringApplicationShutdownHook] INFO  o.s.o.j.LocalContainerEntityManagerFactoryBean - Closing JPA EntityManagerFactory for persistence unit 'default'
2026-06-12 17:41:24 [SpringApplicationShutdownHook] INFO  com.zaxxer.hikari.HikariDataSource - HikariPool-1 - Shutdown initiated...
2026-06-12 17:41:24 [SpringApplicationShutdownHook] INFO  com.zaxxer.hikari.HikariDataSource - HikariPool-1 - Shutdown completed.
2026-06-12 17:41:27 [restartedMain] INFO  c.jsp.tasteloop.TasteloopApplication - Starting TasteloopApplication v0.0.1 using Java 22.0.2 with PID 30332 (D:\TasteLoop\tasteloop\target\classes started by amany in D:\TasteLoop\tasteloop)
2026-06-12 17:41:27 [restartedMain] DEBUG c.jsp.tasteloop.TasteloopApplication - Running with Spring Boot v4.0.6, Spring v7.0.7
2026-06-12 17:41:27 [restartedMain] INFO  c.jsp.tasteloop.TasteloopApplication - No active profile set, falling back to 1 default profile: "default"
2026-06-12 17:41:28 [restartedMain] INFO  o.s.b.d.e.DevToolsPropertyDefaultsPostProcessor - Devtools property defaults active! Set 'spring.devtools.add-properties' to 'false' to disable
2026-06-12 17:41:28 [restartedMain] INFO  o.s.b.d.e.DevToolsPropertyDefaultsPostProcessor - For additional web related logging consider setting the 'logging.level.web' property to 'DEBUG'
2026-06-12 17:41:29 [restartedMain] INFO  o.s.d.r.c.RepositoryConfigurationDelegate - Bootstrapping Spring Data JPA repositories in DEFAULT mode.
2026-06-12 17:41:29 [restartedMain] INFO  o.s.d.r.c.RepositoryConfigurationDelegate - Finished Spring Data repository scanning in 74 ms. Found 6 JPA repository interfaces.
2026-06-12 17:41:29 [restartedMain] INFO  o.s.boot.tomcat.TomcatWebServer - Tomcat initialized with port 8080 (http)
2026-06-12 17:41:29 [restartedMain] INFO  o.a.catalina.core.StandardService - Starting service [Tomcat]
2026-06-12 17:41:29 [restartedMain] INFO  o.a.catalina.core.StandardEngine - Starting Servlet engine: [Apache Tomcat/11.0.21]
2026-06-12 17:41:30 [restartedMain] INFO  o.s.b.w.c.s.WebApplicationContextInitializer - Root WebApplicationContext: initialization completed in 2002 ms
2026-06-12 17:41:30 [restartedMain] INFO  org.hibernate.orm.jpa - HHH008540: Processing PersistenceUnitInfo [name: default]
2026-06-12 17:41:30 [restartedMain] INFO  org.hibernate.orm.core - HHH000001: Hibernate ORM core version 7.2.12.Final
2026-06-12 17:41:30 [restartedMain] INFO  o.s.o.j.p.SpringPersistenceUnitInfo - No LoadTimeWeaver setup: ignoring JPA class transformer
2026-06-12 17:41:30 [restartedMain] INFO  com.zaxxer.hikari.HikariDataSource - HikariPool-1 - Starting...
2026-06-12 17:41:31 [restartedMain] INFO  com.zaxxer.hikari.pool.HikariPool - HikariPool-1 - Added connection org.postgresql.jdbc.PgConnection@6da80131
2026-06-12 17:41:31 [restartedMain] INFO  com.zaxxer.hikari.HikariDataSource - HikariPool-1 - Start completed.
2026-06-12 17:41:31 [restartedMain] WARN  org.hibernate.orm.deprecation - HHH90000025: PostgreSQLDialect does not need to be specified explicitly using 'hibernate.dialect' (remove the property setting and it will be selected by default)
2026-06-12 17:41:31 [restartedMain] INFO  o.hibernate.orm.connections.pooling - HHH10001005: Database info:
	Database JDBC URL [jdbc:postgresql://localhost:5432/tasteloop_db]
	Database driver: PostgreSQL JDBC Driver
	Database dialect: PostgreSQLDialect
	Database version: 16.13
	Default catalog/schema: tasteloop_db/public
	Autocommit mode: undefined/unknown
	Isolation level: READ_COMMITTED [default READ_COMMITTED]
	JDBC fetch size: none
	Pool: DataSourceConnectionProvider
	Minimum pool size: undefined/unknown
	Maximum pool size: undefined/unknown
2026-06-12 17:41:32 [restartedMain] INFO  org.hibernate.orm.core - HHH000489: No JTA platform available (set 'hibernate.transaction.jta.platform' to enable JTA platform integration)
2026-06-12 17:41:32 [restartedMain] INFO  o.s.o.j.LocalContainerEntityManagerFactoryBean - Initialized JPA EntityManagerFactory for persistence unit 'default'
2026-06-12 17:41:32 [restartedMain] INFO  o.s.d.j.r.q.QueryEnhancerFactories - Hibernate is in classpath; If applicable, HQL parser will be used.
2026-06-12 17:41:33 [restartedMain] WARN  o.s.b.j.a.JpaBaseConfiguration$JpaWebConfiguration - spring.jpa.open-in-view is enabled by default. Therefore, database queries may be performed during view rendering. Explicitly configure spring.jpa.open-in-view to disable this warning
2026-06-12 17:41:33 [restartedMain] INFO  o.s.s.c.a.a.c.InitializeUserDetailsBeanManagerConfigurer$InitializeUserDetailsManagerConfigurer - Global AuthenticationManager configured with UserDetailsService bean with name inMemoryUserDetailsManager
2026-06-12 17:41:33 [restartedMain] INFO  o.s.boot.tomcat.TomcatWebServer - Tomcat started on port 8080 (http) with context path '/'
2026-06-12 17:41:33 [restartedMain] INFO  c.jsp.tasteloop.TasteloopApplication - Started TasteloopApplication in 6.863 seconds (process running for 7.61)
2026-06-12 17:41:33 [restartedMain] WARN  o.s.c.events.SpringDocAppInitializer - SpringDoc /v3/api-docs endpoint is enabled by default. To disable it in production, set the property 'springdoc.api-docs.enabled=false'
2026-06-12 17:42:20 [http-nio-8080-exec-1] INFO  o.a.c.c.C.[Tomcat].[localhost].[/] - Initializing Spring DispatcherServlet 'dispatcherServlet'
2026-06-12 17:42:20 [http-nio-8080-exec-1] INFO  o.s.web.servlet.DispatcherServlet - Initializing Servlet 'dispatcherServlet'
2026-06-12 17:42:20 [http-nio-8080-exec-1] INFO  o.s.web.servlet.DispatcherServlet - Completed initialization in 0 ms
2026-06-12 17:42:20 [http-nio-8080-exec-1] DEBUG org.hibernate.SQL - 
    select
        u1_0.id,
        u1_0.active,
        u1_0.email,
        u1_0.name,
        u1_0.password,
        u1_0.phone,
        r1_0.restaurant_id,
        r1_0.address,
        r1_0.image,
        r1_0.phone,
        r1_0.pincode,
        r1_0.restaurant_name,
        u1_0.role 
    from
        users u1_0 
    left join
        restaurant r1_0 
            on u1_0.id=r1_0.manager_id 
    where
        u1_0.id=?
2026-06-12 17:42:21 [http-nio-8080-exec-1] DEBUG org.hibernate.SQL - 
    /* SELECT
        c 
    FROM
        Cart c 
    WHERE
        c.user = :user */ select
            c1_0.cart_id,
            c1_0.total_price,
            c1_0.user_id 
        from
            cart c1_0 
        where
            c1_0.user_id=?
2026-06-12 17:42:21 [http-nio-8080-exec-1] DEBUG org.hibernate.SQL - 
    select
        i1_0.cart_id,
        i1_0.cart_item_id,
        i1_0.category,
        i1_0.description,
        i1_0.food_item_id,
        i1_0.food_name,
        i1_0.image_url,
        i1_0.price,
        i1_0.quantity 
    from
        cart_item i1_0 
    where
        i1_0.cart_id=?
2026-06-12 17:42:21 [http-nio-8080-exec-1] ERROR o.a.c.c.C.[.[.[.[dispatcherServlet] - Servlet.service() for servlet [dispatcherServlet] in context with path [] threw exception [Request processing failed: java.lang.RuntimeException: Cart is empty] with root cause
java.lang.RuntimeException: Cart is empty
	at com.jsp.tasteloop.order_module.service.impl.OrderServiceImpl.order(OrderServiceImpl.java:40)
	at java.base/jdk.internal.reflect.DirectMethodHandleAccessor.invoke(DirectMethodHandleAccessor.java:103)
	at java.base/java.lang.reflect.Method.invoke(Method.java:580)
	at org.springframework.aop.support.AopUtils.invokeJoinpointUsingReflection(AopUtils.java:359)
	at org.springframework.aop.framework.ReflectiveMethodInvocation.invokeJoinpoint(ReflectiveMethodInvocation.java:190)
	at org.springframework.aop.framework.ReflectiveMethodInvocation.proceed(ReflectiveMethodInvocation.java:158)
	at org.springframework.transaction.interceptor.TransactionInterceptor$1.proceedWithInvocation(TransactionInterceptor.java:133)
	at org.springframework.transaction.interceptor.TransactionAspectSupport.invokeWithinTransaction(TransactionAspectSupport.java:371)
	at org.springframework.transaction.interceptor.TransactionInterceptor.invoke(TransactionInterceptor.java:130)
	at org.springframework.aop.framework.ReflectiveMethodInvocation.proceed(ReflectiveMethodInvocation.java:179)
	at org.springframework.aop.framework.CglibAopProxy$DynamicAdvisedInterceptor.intercept(CglibAopProxy.java:719)
	at com.jsp.tasteloop.order_module.service.impl.OrderServiceImpl$$SpringCGLIB$$0.order(<generated>)
	at com.jsp.tasteloop.order_module.controller.OrderController.placeOrder(OrderController.java:26)
	at java.base/jdk.internal.reflect.DirectMethodHandleAccessor.invoke(DirectMethodHandleAccessor.java:103)
	at java.base/java.lang.reflect.Method.invoke(Method.java:580)
	at org.springframework.web.method.support.InvocableHandlerMethod.doInvoke(InvocableHandlerMethod.java:252)
	at org.springframework.web.method.support.InvocableHandlerMethod.invokeForRequest(InvocableHandlerMethod.java:184)
	at org.springframework.web.servlet.mvc.method.annotation.ServletInvocableHandlerMethod.invokeAndHandle(ServletInvocableHandlerMethod.java:117)
	at org.springframework.web.servlet.mvc.method.annotation.RequestMappingHandlerAdapter.invokeHandlerMethod(RequestMappingHandlerAdapter.java:934)
	at org.springframework.web.servlet.mvc.method.annotation.RequestMappingHandlerAdapter.handleInternal(RequestMappingHandlerAdapter.java:853)
	at org.springframework.web.servlet.mvc.method.AbstractHandlerMethodAdapter.handle(AbstractHandlerMethodAdapter.java:86)
	at org.springframework.web.servlet.DispatcherServlet.doDispatch(DispatcherServlet.java:963)
	at org.springframework.web.servlet.DispatcherServlet.doService(DispatcherServlet.java:866)
	at org.springframework.web.servlet.FrameworkServlet.processRequest(FrameworkServlet.java:1000)
	at org.springframework.web.servlet.FrameworkServlet.doPost(FrameworkServlet.java:903)
	at jakarta.servlet.http.HttpServlet.service(HttpServlet.java:649)
	at org.springframework.web.servlet.FrameworkServlet.service(FrameworkServlet.java:874)
	at jakarta.servlet.http.HttpServlet.service(HttpServlet.java:710)
	at org.apache.catalina.core.ApplicationFilterChain.doFilter(ApplicationFilterChain.java:128)
	at org.apache.tomcat.websocket.server.WsFilter.doFilter(WsFilter.java:53)
	at org.apache.catalina.core.ApplicationFilterChain.doFilter(ApplicationFilterChain.java:107)
	at org.springframework.web.filter.CompositeFilter$VirtualFilterChain.doFilter(CompositeFilter.java:108)
	at org.springframework.security.web.FilterChainProxy.lambda$doFilterInternal$3(FilterChainProxy.java:235)
	at org.springframework.security.web.FilterChainProxy$VirtualFilterChain.doFilter(FilterChainProxy.java:376)
	at org.springframework.security.web.access.intercept.AuthorizationFilter.doFilter(AuthorizationFilter.java:101)
	at org.springframework.security.web.FilterChainProxy$VirtualFilterChain.doFilter(FilterChainProxy.java:385)
	at org.springframework.security.web.access.ExceptionTranslationFilter.doFilter(ExceptionTranslationFilter.java:126)
	at org.springframework.security.web.access.ExceptionTranslationFilter.doFilter(ExceptionTranslationFilter.java:120)
	at org.springframework.security.web.FilterChainProxy$VirtualFilterChain.doFilter(FilterChainProxy.java:385)
	at org.springframework.security.web.authentication.AnonymousAuthenticationFilter.doFilter(AnonymousAuthenticationFilter.java:100)
	at org.springframework.security.web.FilterChainProxy$VirtualFilterChain.doFilter(FilterChainProxy.java:385)
	at org.springframework.security.web.servletapi.SecurityContextHolderAwareRequestFilter.doFilter(SecurityContextHolderAwareRequestFilter.java:181)
	at org.springframework.security.web.FilterChainProxy$VirtualFilterChain.doFilter(FilterChainProxy.java:385)
	at org.springframework.security.web.savedrequest.RequestCacheAwareFilter.doFilter(RequestCacheAwareFilter.java:63)
	at org.springframework.security.web.FilterChainProxy$VirtualFilterChain.doFilter(FilterChainProxy.java:385)
	at org.springframework.security.web.authentication.logout.LogoutFilter.doFilter(LogoutFilter.java:110)
	at org.springframework.security.web.authentication.logout.LogoutFilter.doFilter(LogoutFilter.java:96)
	at org.springframework.security.web.FilterChainProxy$VirtualFilterChain.doFilter(FilterChainProxy.java:385)
	at org.springframework.security.web.header.HeaderWriterFilter.doHeadersAfter(HeaderWriterFilter.java:90)
	at org.springframework.security.web.header.HeaderWriterFilter.doFilterInternal(HeaderWriterFilter.java:75)
	at org.springframework.web.filter.OncePerRequestFilter.doFilter(OncePerRequestFilter.java:116)
	at org.springframework.security.web.FilterChainProxy$VirtualFilterChain.doFilter(FilterChainProxy.java:385)
	at org.springframework.security.web.context.SecurityContextHolderFilter.doFilter(SecurityContextHolderFilter.java:82)
	at org.springframework.security.web.context.SecurityContextHolderFilter.doFilter(SecurityContextHolderFilter.java:69)
	at org.springframework.security.web.FilterChainProxy$VirtualFilterChain.doFilter(FilterChainProxy.java:385)
	at org.springframework.security.web.context.request.async.WebAsyncManagerIntegrationFilter.doFilterInternal(WebAsyncManagerIntegrationFilter.java:62)
	at org.springframework.web.filter.OncePerRequestFilter.doFilter(OncePerRequestFilter.java:116)
	at org.springframework.security.web.FilterChainProxy$VirtualFilterChain.doFilter(FilterChainProxy.java:385)
	at org.springframework.security.web.session.DisableEncodeUrlFilter.doFilterInternal(DisableEncodeUrlFilter.java:42)
	at org.springframework.web.filter.OncePerRequestFilter.doFilter(OncePerRequestFilter.java:116)
	at org.springframework.security.web.FilterChainProxy$VirtualFilterChain.doFilter(FilterChainProxy.java:385)
	at org.springframework.security.web.FilterChainProxy.doFilterInternal(FilterChainProxy.java:237)
	at org.springframework.security.web.FilterChainProxy.doFilter(FilterChainProxy.java:195)
	at org.springframework.web.filter.CompositeFilter$VirtualFilterChain.doFilter(CompositeFilter.java:113)
	at org.springframework.web.filter.ServletRequestPathFilter.doFilter(ServletRequestPathFilter.java:52)
	at org.springframework.web.filter.CompositeFilter$VirtualFilterChain.doFilter(CompositeFilter.java:113)
	at org.springframework.web.filter.CompositeFilter.doFilter(CompositeFilter.java:74)
	at org.springframework.security.config.annotation.web.configuration.WebSecurityConfiguration$CompositeFilterChainProxy.doFilter(WebSecurityConfiguration.java:317)
	at org.springframework.web.filter.DelegatingFilterProxy.invokeDelegate(DelegatingFilterProxy.java:355)
	at org.springframework.web.filter.DelegatingFilterProxy.doFilter(DelegatingFilterProxy.java:272)
	at org.apache.catalina.core.ApplicationFilterChain.doFilter(ApplicationFilterChain.java:107)
	at org.springframework.web.filter.RequestContextFilter.doFilterInternal(RequestContextFilter.java:100)
	at org.springframework.web.filter.OncePerRequestFilter.doFilter(OncePerRequestFilter.java:116)
	at org.apache.catalina.core.ApplicationFilterChain.doFilter(ApplicationFilterChain.java:107)
	at org.springframework.web.filter.FormContentFilter.doFilterInternal(FormContentFilter.java:93)
	at org.springframework.web.filter.OncePerRequestFilter.doFilter(OncePerRequestFilter.java:116)
	at org.apache.catalina.core.ApplicationFilterChain.doFilter(ApplicationFilterChain.java:107)
	at org.springframework.web.filter.CharacterEncodingFilter.doFilterInternal(CharacterEncodingFilter.java:199)
	at org.springframework.web.filter.OncePerRequestFilter.doFilter(OncePerRequestFilter.java:116)
	at org.apache.catalina.core.ApplicationFilterChain.doFilter(ApplicationFilterChain.java:107)
	at org.apache.catalina.core.StandardWrapperValve.invoke(StandardWrapperValve.java:165)
	at org.apache.catalina.core.StandardContextValve.invoke(StandardContextValve.java:77)
	at org.apache.catalina.authenticator.AuthenticatorBase.invoke(AuthenticatorBase.java:492)
	at org.apache.catalina.core.StandardHostValve.invoke(StandardHostValve.java:113)
	at org.apache.catalina.valves.ErrorReportValve.invoke(ErrorReportValve.java:83)
	at org.apache.catalina.core.StandardEngineValve.invoke(StandardEngineValve.java:72)
	at org.apache.catalina.connector.CoyoteAdapter.service(CoyoteAdapter.java:341)
	at org.apache.coyote.http11.Http11Processor.service(Http11Processor.java:397)
	at org.apache.coyote.AbstractProcessorLight.process(AbstractProcessorLight.java:63)
	at org.apache.coyote.AbstractProtocol$ConnectionHandler.process(AbstractProtocol.java:903)
	at org.apache.tomcat.util.net.NioEndpoint$SocketProcessor.doRun(NioEndpoint.java:1801)
	at org.apache.tomcat.util.net.SocketProcessorBase.run(SocketProcessorBase.java:52)
	at org.apache.tomcat.util.threads.ThreadPoolExecutor.runWorker(ThreadPoolExecutor.java:946)
	at org.apache.tomcat.util.threads.ThreadPoolExecutor$Worker.run(ThreadPoolExecutor.java:480)
	at org.apache.tomcat.util.threads.TaskThread$WrappingRunnable.run(TaskThread.java:57)
	at java.base/java.lang.Thread.run(Thread.java:1570)
2026-06-12 17:46:47 [SpringApplicationShutdownHook] INFO  o.s.boot.tomcat.GracefulShutdown - Commencing graceful shutdown. Waiting for active requests to complete
2026-06-12 17:46:47 [tomcat-shutdown] INFO  o.s.boot.tomcat.GracefulShutdown - Graceful shutdown complete
2026-06-12 17:46:47 [SpringApplicationShutdownHook] INFO  o.s.o.j.LocalContainerEntityManagerFactoryBean - Closing JPA EntityManagerFactory for persistence unit 'default'
2026-06-12 17:46:47 [SpringApplicationShutdownHook] INFO  com.zaxxer.hikari.HikariDataSource - HikariPool-1 - Shutdown initiated...
2026-06-12 17:46:47 [SpringApplicationShutdownHook] INFO  com.zaxxer.hikari.HikariDataSource - HikariPool-1 - Shutdown completed.
2026-06-12 17:46:52 [restartedMain] INFO  c.jsp.tasteloop.TasteloopApplication - Starting TasteloopApplication v0.0.1 using Java 22.0.2 with PID 28720 (D:\TasteLoop\tasteloop\target\classes started by amany in D:\TasteLoop\tasteloop)
2026-06-12 17:46:52 [restartedMain] DEBUG c.jsp.tasteloop.TasteloopApplication - Running with Spring Boot v4.0.6, Spring v7.0.7
2026-06-12 17:46:52 [restartedMain] INFO  c.jsp.tasteloop.TasteloopApplication - No active profile set, falling back to 1 default profile: "default"
2026-06-12 17:46:52 [restartedMain] INFO  o.s.b.d.e.DevToolsPropertyDefaultsPostProcessor - Devtools property defaults active! Set 'spring.devtools.add-properties' to 'false' to disable
2026-06-12 17:46:52 [restartedMain] INFO  o.s.b.d.e.DevToolsPropertyDefaultsPostProcessor - For additional web related logging consider setting the 'logging.level.web' property to 'DEBUG'
2026-06-12 17:46:53 [restartedMain] INFO  o.s.d.r.c.RepositoryConfigurationDelegate - Bootstrapping Spring Data JPA repositories in DEFAULT mode.
2026-06-12 17:46:53 [restartedMain] INFO  o.s.d.r.c.RepositoryConfigurationDelegate - Finished Spring Data repository scanning in 78 ms. Found 6 JPA repository interfaces.
2026-06-12 17:46:54 [restartedMain] INFO  o.s.boot.tomcat.TomcatWebServer - Tomcat initialized with port 8080 (http)
2026-06-12 17:46:54 [restartedMain] INFO  o.a.catalina.core.StandardService - Starting service [Tomcat]
2026-06-12 17:46:54 [restartedMain] INFO  o.a.catalina.core.StandardEngine - Starting Servlet engine: [Apache Tomcat/11.0.21]
2026-06-12 17:46:54 [restartedMain] INFO  o.s.b.w.c.s.WebApplicationContextInitializer - Root WebApplicationContext: initialization completed in 2247 ms
2026-06-12 17:46:54 [restartedMain] INFO  org.hibernate.orm.jpa - HHH008540: Processing PersistenceUnitInfo [name: default]
2026-06-12 17:46:54 [restartedMain] INFO  org.hibernate.orm.core - HHH000001: Hibernate ORM core version 7.2.12.Final
2026-06-12 17:46:55 [restartedMain] INFO  o.s.o.j.p.SpringPersistenceUnitInfo - No LoadTimeWeaver setup: ignoring JPA class transformer
2026-06-12 17:46:55 [restartedMain] INFO  com.zaxxer.hikari.HikariDataSource - HikariPool-1 - Starting...
2026-06-12 17:46:55 [restartedMain] INFO  com.zaxxer.hikari.pool.HikariPool - HikariPool-1 - Added connection org.postgresql.jdbc.PgConnection@496b2ed8
2026-06-12 17:46:55 [restartedMain] INFO  com.zaxxer.hikari.HikariDataSource - HikariPool-1 - Start completed.
2026-06-12 17:46:55 [restartedMain] WARN  org.hibernate.orm.deprecation - HHH90000025: PostgreSQLDialect does not need to be specified explicitly using 'hibernate.dialect' (remove the property setting and it will be selected by default)
2026-06-12 17:46:55 [restartedMain] INFO  o.hibernate.orm.connections.pooling - HHH10001005: Database info:
	Database JDBC URL [jdbc:postgresql://localhost:5432/tasteloop_db]
	Database driver: PostgreSQL JDBC Driver
	Database dialect: PostgreSQLDialect
	Database version: 16.13
	Default catalog/schema: tasteloop_db/public
	Autocommit mode: undefined/unknown
	Isolation level: READ_COMMITTED [default READ_COMMITTED]
	JDBC fetch size: none
	Pool: DataSourceConnectionProvider
	Minimum pool size: undefined/unknown
	Maximum pool size: undefined/unknown
2026-06-12 17:46:56 [restartedMain] INFO  org.hibernate.orm.core - HHH000489: No JTA platform available (set 'hibernate.transaction.jta.platform' to enable JTA platform integration)
2026-06-12 17:46:56 [restartedMain] INFO  o.s.o.j.LocalContainerEntityManagerFactoryBean - Initialized JPA EntityManagerFactory for persistence unit 'default'
2026-06-12 17:46:56 [restartedMain] INFO  o.s.d.j.r.q.QueryEnhancerFactories - Hibernate is in classpath; If applicable, HQL parser will be used.
2026-06-12 17:46:57 [restartedMain] WARN  o.s.b.j.a.JpaBaseConfiguration$JpaWebConfiguration - spring.jpa.open-in-view is enabled by default. Therefore, database queries may be performed during view rendering. Explicitly configure spring.jpa.open-in-view to disable this warning
2026-06-12 17:46:57 [restartedMain] INFO  o.s.s.c.a.a.c.InitializeUserDetailsBeanManagerConfigurer$InitializeUserDetailsManagerConfigurer - Global AuthenticationManager configured with UserDetailsService bean with name inMemoryUserDetailsManager
2026-06-12 17:46:58 [restartedMain] INFO  o.s.boot.tomcat.TomcatWebServer - Tomcat started on port 8080 (http) with context path '/'
2026-06-12 17:46:58 [restartedMain] INFO  c.jsp.tasteloop.TasteloopApplication - Started TasteloopApplication in 6.85 seconds (process running for 7.568)
2026-06-12 17:46:58 [restartedMain] WARN  o.s.c.events.SpringDocAppInitializer - SpringDoc /v3/api-docs endpoint is enabled by default. To disable it in production, set the property 'springdoc.api-docs.enabled=false'
2026-06-12 18:06:39 [SpringApplicationShutdownHook] INFO  o.s.boot.tomcat.GracefulShutdown - Commencing graceful shutdown. Waiting for active requests to complete
2026-06-12 18:06:39 [tomcat-shutdown] INFO  o.s.boot.tomcat.GracefulShutdown - Graceful shutdown complete
2026-06-12 18:06:39 [SpringApplicationShutdownHook] INFO  o.s.o.j.LocalContainerEntityManagerFactoryBean - Closing JPA EntityManagerFactory for persistence unit 'default'
2026-06-12 18:06:39 [SpringApplicationShutdownHook] INFO  com.zaxxer.hikari.HikariDataSource - HikariPool-1 - Shutdown initiated...
2026-06-12 18:06:39 [SpringApplicationShutdownHook] INFO  com.zaxxer.hikari.HikariDataSource - HikariPool-1 - Shutdown completed.
2026-06-12 18:06:42 [restartedMain] INFO  c.jsp.tasteloop.TasteloopApplication - Starting TasteloopApplication v0.0.1 using Java 22.0.2 with PID 33092 (D:\TasteLoop\tasteloop\target\classes started by amany in D:\TasteLoop\tasteloop)
2026-06-12 18:06:42 [restartedMain] DEBUG c.jsp.tasteloop.TasteloopApplication - Running with Spring Boot v4.0.6, Spring v7.0.7
2026-06-12 18:06:42 [restartedMain] INFO  c.jsp.tasteloop.TasteloopApplication - No active profile set, falling back to 1 default profile: "default"
2026-06-12 18:06:42 [restartedMain] INFO  o.s.b.d.e.DevToolsPropertyDefaultsPostProcessor - Devtools property defaults active! Set 'spring.devtools.add-properties' to 'false' to disable
2026-06-12 18:06:42 [restartedMain] INFO  o.s.b.d.e.DevToolsPropertyDefaultsPostProcessor - For additional web related logging consider setting the 'logging.level.web' property to 'DEBUG'
2026-06-12 18:06:43 [restartedMain] INFO  o.s.d.r.c.RepositoryConfigurationDelegate - Bootstrapping Spring Data JPA repositories in DEFAULT mode.
2026-06-12 18:06:43 [restartedMain] INFO  o.s.d.r.c.RepositoryConfigurationDelegate - Finished Spring Data repository scanning in 72 ms. Found 6 JPA repository interfaces.
2026-06-12 18:06:44 [restartedMain] INFO  o.s.boot.tomcat.TomcatWebServer - Tomcat initialized with port 8080 (http)
2026-06-12 18:06:44 [restartedMain] INFO  o.a.catalina.core.StandardService - Starting service [Tomcat]
2026-06-12 18:06:44 [restartedMain] INFO  o.a.catalina.core.StandardEngine - Starting Servlet engine: [Apache Tomcat/11.0.21]
2026-06-12 18:06:44 [restartedMain] INFO  o.s.b.w.c.s.WebApplicationContextInitializer - Root WebApplicationContext: initialization completed in 1585 ms
2026-06-12 18:06:44 [restartedMain] INFO  org.hibernate.orm.jpa - HHH008540: Processing PersistenceUnitInfo [name: default]
2026-06-12 18:06:44 [restartedMain] INFO  org.hibernate.orm.core - HHH000001: Hibernate ORM core version 7.2.12.Final
2026-06-12 18:06:44 [restartedMain] INFO  o.s.o.j.p.SpringPersistenceUnitInfo - No LoadTimeWeaver setup: ignoring JPA class transformer
2026-06-12 18:06:44 [restartedMain] INFO  com.zaxxer.hikari.HikariDataSource - HikariPool-1 - Starting...
2026-06-12 18:06:44 [restartedMain] INFO  com.zaxxer.hikari.pool.HikariPool - HikariPool-1 - Added connection org.postgresql.jdbc.PgConnection@2e7dcab8
2026-06-12 18:06:44 [restartedMain] INFO  com.zaxxer.hikari.HikariDataSource - HikariPool-1 - Start completed.
2026-06-12 18:06:44 [restartedMain] WARN  org.hibernate.orm.deprecation - HHH90000025: PostgreSQLDialect does not need to be specified explicitly using 'hibernate.dialect' (remove the property setting and it will be selected by default)
2026-06-12 18:06:44 [restartedMain] INFO  o.hibernate.orm.connections.pooling - HHH10001005: Database info:
	Database JDBC URL [jdbc:postgresql://localhost:5432/tasteloop_db]
	Database driver: PostgreSQL JDBC Driver
	Database dialect: PostgreSQLDialect
	Database version: 16.13
	Default catalog/schema: tasteloop_db/public
	Autocommit mode: undefined/unknown
	Isolation level: READ_COMMITTED [default READ_COMMITTED]
	JDBC fetch size: none
	Pool: DataSourceConnectionProvider
	Minimum pool size: undefined/unknown
	Maximum pool size: undefined/unknown
2026-06-12 18:06:45 [restartedMain] INFO  org.hibernate.orm.core - HHH000489: No JTA platform available (set 'hibernate.transaction.jta.platform' to enable JTA platform integration)
2026-06-12 18:06:45 [restartedMain] INFO  o.s.o.j.LocalContainerEntityManagerFactoryBean - Initialized JPA EntityManagerFactory for persistence unit 'default'
2026-06-12 18:06:45 [restartedMain] INFO  o.s.d.j.r.q.QueryEnhancerFactories - Hibernate is in classpath; If applicable, HQL parser will be used.
2026-06-12 18:06:46 [restartedMain] WARN  o.s.b.j.a.JpaBaseConfiguration$JpaWebConfiguration - spring.jpa.open-in-view is enabled by default. Therefore, database queries may be performed during view rendering. Explicitly configure spring.jpa.open-in-view to disable this warning
2026-06-12 18:06:46 [restartedMain] INFO  o.s.s.c.a.a.c.InitializeUserDetailsBeanManagerConfigurer$InitializeUserDetailsManagerConfigurer - Global AuthenticationManager configured with UserDetailsService bean with name inMemoryUserDetailsManager
2026-06-12 18:06:47 [restartedMain] INFO  o.s.boot.tomcat.TomcatWebServer - Tomcat started on port 8080 (http) with context path '/'
2026-06-12 18:06:47 [restartedMain] INFO  c.jsp.tasteloop.TasteloopApplication - Started TasteloopApplication in 5.059 seconds (process running for 5.541)
2026-06-12 18:06:47 [restartedMain] WARN  o.s.c.events.SpringDocAppInitializer - SpringDoc /v3/api-docs endpoint is enabled by default. To disable it in production, set the property 'springdoc.api-docs.enabled=false'
2026-06-12 18:07:00 [http-nio-8080-exec-2] INFO  o.a.c.c.C.[Tomcat].[localhost].[/] - Initializing Spring DispatcherServlet 'dispatcherServlet'
2026-06-12 18:07:00 [http-nio-8080-exec-2] INFO  o.s.web.servlet.DispatcherServlet - Initializing Servlet 'dispatcherServlet'
2026-06-12 18:07:00 [http-nio-8080-exec-2] INFO  o.s.web.servlet.DispatcherServlet - Completed initialization in 1 ms
2026-06-12 18:07:00 [http-nio-8080-exec-2] DEBUG org.hibernate.SQL - 
    select
        u1_0.id,
        u1_0.active,
        u1_0.email,
        u1_0.name,
        u1_0.password,
        u1_0.phone,
        r1_0.restaurant_id,
        r1_0.address,
        r1_0.image,
        r1_0.phone,
        r1_0.pincode,
        r1_0.restaurant_name,
        u1_0.role 
    from
        users u1_0 
    left join
        restaurant r1_0 
            on u1_0.id=r1_0.manager_id 
    where
        u1_0.id=?
2026-06-12 18:07:01 [http-nio-8080-exec-2] DEBUG org.hibernate.SQL - 
    /* SELECT
        c 
    FROM
        Cart c 
    WHERE
        c.user = :user */ select
            c1_0.cart_id,
            c1_0.total_price,
            c1_0.user_id 
        from
            cart c1_0 
        where
            c1_0.user_id=?
2026-06-12 18:07:01 [http-nio-8080-exec-2] DEBUG org.hibernate.SQL - 
    select
        i1_0.cart_id,
        i1_0.cart_item_id,
        i1_0.category,
        i1_0.description,
        i1_0.food_item_id,
        i1_0.food_name,
        i1_0.image_url,
        i1_0.price,
        i1_0.quantity 
    from
        cart_item i1_0 
    where
        i1_0.cart_id=?
2026-06-12 18:07:01 [http-nio-8080-exec-2] WARN  o.s.w.s.m.m.a.ExceptionHandlerExceptionResolver - Resolved [com.jsp.tasteloop.common_module.exception.CartEmptyException: Cart is empty]
2026-06-12 18:10:52 [SpringApplicationShutdownHook] INFO  o.s.boot.tomcat.GracefulShutdown - Commencing graceful shutdown. Waiting for active requests to complete
2026-06-12 18:10:52 [tomcat-shutdown] INFO  o.s.boot.tomcat.GracefulShutdown - Graceful shutdown complete
2026-06-12 18:10:52 [SpringApplicationShutdownHook] INFO  o.s.o.j.LocalContainerEntityManagerFactoryBean - Closing JPA EntityManagerFactory for persistence unit 'default'
2026-06-12 18:10:52 [SpringApplicationShutdownHook] INFO  com.zaxxer.hikari.HikariDataSource - HikariPool-1 - Shutdown initiated...
2026-06-12 18:10:52 [SpringApplicationShutdownHook] INFO  com.zaxxer.hikari.HikariDataSource - HikariPool-1 - Shutdown completed.
